,home_shot,away_shot,home_possession,away_possession,home_pass_success,away_pass_success,home_dribbles,away_dribbles,home_aerials_won,away_aerials_won,home_tackles,away_tackles,home_corners,away_corners,home_dispossessed,away_dispossessed,home_missing_player,away_missing_player,home_missing_player_rating,away_missing_player_rating,home,away,half_home_score,half_away_score,full_home_score,full_away_score,kick_off,date,matchup_home_goals,matchup_away_goals,matchup_home_wins,matchup_draw,matchup_away_wins,home_total_att,away_total_att,home_open_att,away_open_att,home_set_att,away_set_att,home_counter_att,away_counter_att,home_pk_att,away_pk_att,home_own_att,away_own_att,home_total_passes,away_total_passes,home_crosses_passes,away_crosses_passes,home_long_balls,away_long_balls,home_short_passes,away_short_passes
0,12,18,35.5,64.5,84,90,11,6,13,15,16,14,3,10,9,10,5,9,6.6,6.72,Bournemouth,Manchester City,1 , 0,2 , 1,15:00,"Sat, 02-Nov-24",4,19,Won (0%),Drew (0%),Won (100%),12,18,10,11,0,7,2,0,0,0,0,0,352,635,12,27,59,38,277,569
1,11,16,43.8,56.2,80,86,9,14,11,9,24,12,3,4,5,12,7,4,6.52,6.57,Brentford,Newcastle,2 , 2,4 , 2,15:00,"Sat, 07-Dec-24",7,17,Won (0%),Drew (17%),Won (83%),11,16,8,13,2,3,1,0,0,0,0,0,415,531,15,24,57,39,340,468
2,18,10,56.6,43.4,83,83,6,5,13,16,11,17,9,7,12,5,1,1,5.92,6.47,Aston Villa,Bournemouth,0 , 0,1 , 1,15:00,"Sat, 26-Oct-24",10,9,Won (33%),Drew (17%),Won (50%),18,10,11,8,7,2,0,0,0,0,0,0,461,358,21,20,41,50,397,288
3,13,4,60.8,39.2,89,84,6,5,12,6,19,22,7,2,13,9,3,6,6.54,6.52,Aston Villa,Leicester,0 , 0,2 , 1,15:00,"Sat, 04-Jan-25",9,9,Won (50%),Drew (17%),Won (33%),13,4,10,4,2,0,1,0,0,0,0,0,639,413,18,11,39,35,581,365
4,10,17,31.8,68.2,76,89,2,9,14,10,27,13,2,9,9,13,11,5,6.57,6.94,Manchester United,Arsenal,1 , 0,1 , 1,16:30,"Sun, 09-Mar-25",5,9,Won (50%),Drew (0%),Won (50%),10,17,7,10,2,5,1,2,0,0,0,0,290,622,11,27,51,29,226,562
5,23,6,48,52,82,80,11,8,13,7,18,27,9,4,16,10,4,7,6.37,6.5,Tottenham,Brentford,2 , 1,3 , 1,15:00,"Sat, 21-Sep-24",10,9,Won (33%),Drew (50%),Won (17%),23,6,19,5,2,1,2,0,0,0,0,0,467,507,23,12,33,78,408,416
6,6,13,43.4,56.6,81,88,11,11,15,13,16,11,5,6,4,7,6,7,6.42,6.54,Fulham,Brighton,1 , 0,3 , 1,19:30,"Thu, 05-Dec-24",7,2,Won (50%),Drew (50%),Won (0%),7,13,5,8,1,5,0,0,0,0,1,0,401,524,16,21,58,42,327,455
7,8,13,45.1,54.9,76,80,11,9,16,17,13,30,6,7,14,10,7,9,6.44,6.44,Bournemouth,Wolves,0 , 1,0 , 1,15:00,"Sat, 22-Feb-25",7,5,Won (50%),Drew (17%),Won (33%),8,13,6,10,2,2,0,1,0,0,0,0,389,474,27,16,55,49,305,406
8,6,18,49.9,50.1,80,82,7,10,12,21,13,17,5,6,6,9,4,7,6.16,6.6,Southampton,Brighton,0 , 1,0 , 4,15:00,"Sat, 22-Feb-25",7,12,Won (0%),Drew (50%),Won (50%),6,18,3,12,3,4,0,2,0,0,0,0,452,452,11,15,60,49,381,385
9,33,5,77.2,22.8,91,71,10,4,16,12,10,16,8,2,7,6,3,5,6.68,6.51,Manchester City,Arsenal,1 , 2,2 , 2,16:30,"Sun, 22-Sep-24",9,4,Won (50%),Drew (17%),Won (33%),33,5,25,3,8,2,0,0,0,0,0,0,729,216,24,7,42,48,660,161
10,11,9,48.7,51.3,86,86,10,14,11,12,13,11,8,6,9,7,5,0,6.15,,Ipswich,Fulham,1 , 1,1 , 1,15:00,"Sat, 31-Aug-24",3,15,Won (0%),Drew (0%),Won (100%),11,9,5,6,5,2,1,1,0,0,0,0,427,446,16,26,42,53,366,367
11,17,13,60.7,39.3,87,77,16,9,18,6,14,25,4,2,19,6,8,8,6.59,6.53,Newcastle,Wolves,1 , 0,3 , 0,19:30,"Wed, 15-Jan-25",11,5,Won (67%),Drew (33%),Won (0%),17,13,14,9,2,2,1,2,0,0,0,0,611,394,18,11,35,62,553,319
12,13,19,55.2,44.8,78,76,8,16,16,15,17,21,7,6,13,11,4,9,6.39,6.5,Newcastle,Bournemouth,1 , 2,1 , 4,12:30,"Sat, 18-Jan-25",6,7,Won (17%),Drew (67%),Won (17%),13,19,6,12,7,4,0,3,0,0,0,0,430,348,28,24,35,63,367,259
13,8,14,51.3,48.7,87,84,3,11,12,15,16,16,7,11,9,6,7,4,6.6,6.39,Tottenham,Fulham,0 , 0,1 , 1,13:30,"Sun, 01-Dec-24",7,5,Won (67%),Drew (0%),Won (33%),8,14,3,8,5,6,0,0,0,0,0,0,513,487,16,28,28,57,467,400
14,4,16,36.7,63.3,75,87,6,10,7,8,18,18,2,9,7,4,8,5,6.44,6.58,Leicester,Chelsea,0 , 1,1 , 2,12:30,"Sat, 23-Nov-24",6,15,Won (0%),Drew (17%),Won (83%),4,16,3,12,0,3,0,1,1,0,0,0,367,628,7,15,61,41,298,570
15,12,15,51.5,48.5,76,75,4,6,37,18,11,16,6,4,11,7,6,4,6.36,6.65,Brentford,Bournemouth,1 , 1,3 , 2,15:00,"Sat, 09-Nov-24",9,5,Won (50%),Drew (33%),Won (17%),12,15,6,10,6,5,0,0,0,0,0,0,438,413,23,23,53,69,361,319
16,12,17,58.5,41.5,85,81,8,7,17,12,24,18,6,1,9,11,2,11,6.32,6.61,Leicester,Everton,0 , 1,1 , 1,15:00,"Sat, 21-Sep-24",7,8,Won (17%),Drew (50%),Won (33%),12,17,8,13,4,2,0,2,0,0,0,0,497,356,29,14,45,54,422,285
17,12,7,45.7,54.3,87,90,9,2,7,7,16,14,5,2,12,12,5,5,6.82,6.72,Arsenal,Manchester City,1 , 0,5 , 1,16:30,"Sun, 02-Feb-25",6,10,Won (33%),Drew (33%),Won (33%),12,7,7,5,3,2,2,0,0,0,0,0,416,491,12,14,38,37,365,440
18,11,37,38.9,61.1,79,87,8,7,13,12,12,10,2,15,9,3,7,1,6.44,6.56,Brentford,Liverpool,0 , 0,0 , 2,15:00,"Sat, 18-Jan-25",4,14,Won (17%),Drew (0%),Won (83%),11,37,6,22,4,8,1,7,0,0,0,0,338,522,9,32,49,37,280,453
19,17,10,41.1,58.9,82,86,5,5,4,7,23,17,4,4,8,11,9,9,6.39,6.69,Ipswich,Tottenham,1 , 2,1 , 4,15:00,"Sat, 22-Feb-25",10,9,Won (67%),Drew (0%),Won (33%),17,10,10,8,7,0,0,2,0,0,0,0,379,541,19,4,43,39,316,498
20,22,4,62.8,37.2,92,80,6,10,14,8,11,15,9,6,13,7,7,1,6.51,6.45,Newcastle,Aston Villa,1 , 0,3 , 0,15:00,"Thu, 26-Dec-24",16,8,Won (67%),Drew (17%),Won (17%),22,4,19,0,3,4,0,0,0,0,0,0,578,342,18,20,33,44,526,278
21,18,8,66,34,89,74,7,6,16,13,12,17,10,1,7,8,6,4,6.77,6.4,Arsenal,Aston Villa,1 , 0,2 , 2,17:30,"Sat, 18-Jan-25",9,6,Won (67%),Drew (0%),Won (33%),18,8,13,7,5,1,0,0,0,0,0,0,531,274,41,6,34,48,453,218
22,13,14,58.5,41.5,85,78,10,4,16,21,21,19,9,2,11,14,6,6,6.43,6.55,West Ham,Brentford,0 , 1,0 , 1,15:00,"Sat, 15-Feb-25",8,10,Won (33%),Drew (17%),Won (50%),13,14,7,10,6,2,0,2,0,0,0,0,542,387,31,16,48,55,463,314
23,8,10,57.8,42.2,90,85,9,2,16,16,13,25,3,3,9,10,5,4,6.4,6.49,West Ham,Leicester,2 , 0,2 , 0,20:00,"Thu, 27-Feb-25",11,12,Won (33%),Drew (17%),Won (50%),9,10,4,6,3,4,1,0,0,0,1,0,669,488,17,24,39,39,613,424
24,20,13,53.9,46.1,82,82,10,10,19,16,24,22,10,3,12,12,10,9,6.49,6.7,Brentford,Tottenham,0 , 1,0 , 2,14:00,"Sun, 02-Feb-25",10,11,Won (17%),Drew (50%),Won (33%),20,14,12,12,7,1,1,0,0,0,0,1,517,443,38,9,48,41,431,388
25,13,6,51.2,48.8,85,83,11,19,12,19,33,22,1,5,15,18,6,3,6.51,6.3,Manchester United,Leicester,2 , 0,3 , 0,14:00,"Sun, 10-Nov-24",13,9,Won (50%),Drew (17%),Won (33%),14,6,9,3,3,2,1,1,0,0,1,0,514,490,15,16,40,44,458,429
26,19,8,62.1,37.9,91,82,8,6,6,8,17,10,9,4,5,4,0,4,,6.3,Liverpool,Brentford,1 , 0,2 , 0,16:30,"Sun, 25-Aug-24",15,7,Won (67%),Drew (17%),Won (17%),19,8,13,3,5,5,1,0,0,0,0,0,620,379,15,10,44,48,558,321
27,19,6,55,45,87,81,5,8,8,18,20,20,7,0,9,12,6,10,6.68,6.61,Bournemouth,Brighton,0 , 1,1 , 2,15:00,"Sat, 23-Nov-24",7,9,Won (33%),Drew (0%),Won (67%),19,6,13,5,5,1,1,0,0,0,0,0,526,428,36,2,48,52,439,372
28,13,7,59.9,40.1,85,76,16,7,19,17,20,15,5,4,8,5,5,4,6.36,6.46,Brentford,Leicester,3 , 1,4 , 1,15:00,"Sat, 30-Nov-24",6,11,Won (0%),Drew (33%),Won (67%),13,7,9,4,4,3,0,0,0,0,0,0,600,402,20,17,39,66,537,318
29,10,23,32.4,67.6,84,92,10,12,9,7,11,15,3,11,10,8,0,4,,6.78,West Ham,Manchester City,1 , 2,1 , 3,17:30,"Sat, 31-Aug-24",5,15,Won (0%),Drew (17%),Won (83%),11,23,7,13,2,8,1,2,0,0,1,0,360,751,14,22,35,48,311,677
30,14,15,52.1,47.9,84,84,4,8,14,13,14,24,5,3,18,7,1,3,6.42,6.66,West Ham,Aston Villa,1 , 1,1 , 2,17:30,"Sat, 17-Aug-24",10,8,Won (50%),Drew (33%),Won (17%),14,15,11,7,2,3,0,5,1,0,0,0,450,414,25,15,53,41,372,354
31,10,11,49.7,50.3,81,83,1,6,16,19,19,22,8,5,15,11,7,6,6.56,6.34,Everton,Aston Villa,0 , 0,0 , 1,19:30,"Wed, 15-Jan-25",5,12,Won (17%),Drew (17%),Won (67%),10,11,6,8,4,2,0,1,0,0,0,0,448,449,20,10,57,46,370,392
32,21,10,59.9,40.1,82,79,10,3,10,16,26,26,9,4,18,12,7,6,6.64,6.63,Newcastle,Brighton,0 , 1,0 , 1,15:00,"Sat, 19-Oct-24",10,7,Won (50%),Drew (33%),Won (17%),21,10,15,6,6,4,0,0,0,0,0,0,579,385,23,8,44,56,508,315
33,11,18,49.3,50.7,78,76,7,10,18,18,13,20,7,6,8,4,3,5,6.56,6.46,West Ham,Everton,0 , 0,0 , 0,15:00,"Sat, 09-Nov-24",8,4,Won (67%),Drew (0%),Won (33%),11,18,9,13,2,3,0,2,0,0,0,0,469,483,14,27,58,65,393,389
34,13,15,38.4,61.6,75,86,4,6,17,8,26,12,6,6,7,15,4,6,6.71,6.4,Crystal Palace,Chelsea,0 , 1,1 , 1,15:00,"Sat, 04-Jan-25",4,11,Won (0%),Drew (17%),Won (83%),13,15,6,11,7,3,0,1,0,0,0,0,370,590,19,14,62,68,289,507
35,9,14,46,54,77,81,5,3,19,14,19,22,4,7,14,5,4,3,6.3,6.48,Brentford,Crystal Palace,1 , 0,2 , 1,14:00,"Sun, 18-Aug-24",4,6,Won (0%),Drew (83%),Won (17%),9,15,7,11,2,3,0,0,0,0,0,1,426,501,17,14,62,53,345,432
36,11,13,53.6,46.4,87,86,10,8,9,18,16,17,2,10,12,8,4,3,6.14,6.08,Southampton,Ipswich,1 , 0,1 , 1,15:00,"Sat, 21-Sep-24",10,8,Won (33%),Drew (33%),Won (33%),11,13,7,5,2,8,2,0,0,0,0,0,507,438,9,23,38,29,455,383
37,9,20,34.3,65.7,70,84,8,10,11,14,17,22,7,12,12,4,7,5,6.48,6.72,Newcastle,Tottenham,1 , 0,2 , 1,13:30,"Sun, 01-Sep-24",15,12,Won (67%),Drew (0%),Won (33%),9,21,1,10,5,9,3,1,0,0,0,1,280,537,12,27,47,28,220,480
38,13,14,56.8,43.2,81,79,5,7,22,20,25,17,9,10,11,15,14,6,6.65,6.41,Tottenham,Newcastle,1 , 2,1 , 2,12:30,"Sat, 04-Jan-25",8,16,Won (17%),Drew (0%),Won (83%),13,14,12,7,1,5,0,2,0,0,0,0,498,378,25,15,43,37,430,323
39,11,14,40.6,59.4,79,87,4,9,18,7,8,7,6,5,6,3,4,1,6.52,6.36,Nottingham Forest,Fulham,0 , 0,0 , 1,15:00,"Sat, 28-Sep-24",6,15,Won (33%),Drew (0%),Won (67%),11,14,5,10,6,3,0,0,0,1,0,0,385,553,26,23,37,37,321,492
40,15,7,72.6,27.4,88,75,12,6,24,20,17,11,9,2,4,10,4,5,6.53,6.22,Fulham,Ipswich,0 , 1,2 , 2,14:00,"Sun, 05-Jan-25",14,4,Won (83%),Drew (17%),Won (0%),15,7,6,5,7,0,0,1,2,1,0,0,716,271,35,7,40,54,641,209
41,20,13,59.7,40.3,85,80,20,9,11,11,22,19,12,3,10,10,3,7,6.5,6.55,Aston Villa,Brighton,1 , 1,2 , 2,19:45,"Mon, 30-Dec-24",14,6,Won (67%),Drew (17%),Won (17%),20,13,13,10,4,2,2,1,1,0,0,0,511,344,19,12,43,49,448,283
42,11,20,64.4,35.6,86,76,6,15,24,15,14,19,6,7,8,9,4,3,6.32,6.58,Leicester,Nottingham Forest,1 , 1,1 , 3,20:00,"Fri, 25-Oct-24",10,12,Won (33%),Drew (17%),Won (50%),11,20,10,11,1,6,0,3,0,0,0,0,592,328,26,21,39,60,525,247
43,21,12,34.5,65.5,70,82,8,10,12,7,25,24,5,9,14,17,4,9,6.48,6.6,Bournemouth,Tottenham,1 , 0,1 , 0,20:15,"Thu, 05-Dec-24",8,13,Won (17%),Drew (17%),Won (67%),21,12,14,8,3,2,4,2,0,0,0,0,268,506,14,21,58,34,195,448
44,19,7,46.4,53.6,77,80,4,4,17,24,19,16,8,7,10,11,7,4,6.78,6.04,Crystal Palace,Southampton,1 , 1,2 , 1,15:00,"Sun, 29-Dec-24",9,8,Won (50%),Drew (17%),Won (33%),19,7,10,5,6,2,3,0,0,0,0,0,412,474,23,22,58,63,331,389
45,5,12,25,75,73,90,5,17,9,9,30,23,2,5,12,12,5,6,6.59,6.5,Everton,Chelsea,0 , 0,0 , 0,14:00,"Sun, 22-Dec-24",6,10,Won (33%),Drew (33%),Won (33%),5,12,3,8,1,4,1,0,0,0,0,0,224,666,9,18,55,50,160,597
46,20,18,36.8,63.2,87,88,6,7,9,3,17,15,2,8,10,12,4,3,6.3,6.18,Brentford,Southampton,1 , 0,3 , 1,15:00,"Sat, 31-Aug-24",13,6,Won (67%),Drew (17%),Won (17%),20,18,18,13,2,5,0,0,0,0,0,0,370,635,13,20,36,42,319,569
47,16,12,51.1,48.9,89,84,5,14,12,11,17,19,6,4,7,7,4,0,6.73,,Tottenham,Aston Villa,0 , 1,4 , 1,14:00,"Sun, 03-Nov-24",12,7,Won (50%),Drew (0%),Won (50%),16,12,12,6,4,5,0,1,0,0,0,0,423,404,23,12,25,37,374,353
48,18,21,44.7,55.3,81,87,4,6,16,17,10,12,4,5,7,5,8,4,6.38,6.5,Brentford,Manchester City,0 , 0,2 , 2,19:30,"Tue, 14-Jan-25",5,9,Won (33%),Drew (0%),Won (67%),18,21,12,14,3,3,3,4,0,0,0,0,442,542,20,20,53,45,369,477
49,18,4,47.2,52.8,86,89,5,4,9,8,27,15,14,1,6,13,2,9,6.52,6.31,Aston Villa,Southampton,1 , 0,1 , 0,15:00,"Sat, 07-Dec-24",10,5,Won (67%),Drew (0%),Won (33%),18,4,11,3,4,0,3,1,0,0,0,0,452,510,25,13,30,43,395,451
50,7,11,50.6,49.4,83,80,9,4,16,9,26,24,4,4,18,12,6,4,6.44,6.35,Wolves,Manchester United,0 , 0,2 , 0,17:30,"Thu, 26-Dec-24",4,9,Won (17%),Drew (0%),Won (83%),7,11,2,8,4,3,1,0,0,0,0,0,496,482,15,20,67,56,414,406
51,19,7,59.6,40.4,91,84,5,4,12,8,17,16,4,2,11,7,7,6,6.5,6.28,Chelsea,Southampton,3 , 0,4 , 0,20:15,"Tue, 25-Feb-25",16,6,Won (67%),Drew (0%),Won (33%),19,7,13,5,6,2,0,0,0,0,0,0,633,428,10,10,43,43,578,375
52,14,10,53.2,46.8,84,84,9,6,14,8,21,21,10,4,11,15,5,10,6.79,6.65,Arsenal,Tottenham,2 , 1,2 , 1,20:00,"Wed, 15-Jan-25",11,8,Won (67%),Drew (17%),Won (17%),15,10,11,7,1,3,2,0,0,0,1,0,457,400,26,17,39,41,389,341
53,13,9,47,53,81,81,9,4,17,13,13,15,5,6,10,7,7,4,6.55,6.62,Everton,Leicester,3 , 0,4 , 0,15:00,"Sat, 01-Feb-25",7,8,Won (17%),Drew (67%),Won (17%),13,9,11,4,2,5,0,0,0,0,0,0,462,518,13,22,53,59,391,436
54,11,10,53.5,46.5,83,82,7,4,8,15,12,21,6,3,12,4,6,5,6.55,6.26,Aston Villa,Manchester United,0 , 0,0 , 0,14:00,"Sun, 06-Oct-24",10,13,Won (17%),Drew (17%),Won (67%),11,10,7,5,4,4,0,1,0,0,0,0,439,382,20,9,36,47,382,324
55,9,15,33.2,66.8,71,86,4,7,13,18,22,14,4,11,8,14,4,6,6.67,6.22,Crystal Palace,Manchester United,0 , 0,0 , 0,17:30,"Sat, 21-Sep-24",8,9,Won (33%),Drew (17%),Won (50%),9,15,7,9,2,6,0,0,0,0,0,0,333,667,14,23,65,46,253,593
56,11,12,65.5,34.5,88,76,6,5,9,15,13,32,5,5,22,9,8,7,6.59,6.64,Wolves,Everton,1 , 1,1 , 1,20:00,"Sat, 08-Mar-25",8,6,Won (67%),Drew (17%),Won (17%),11,12,8,7,3,4,0,1,0,0,0,0,621,328,18,16,46,58,555,254
57,11,18,53.8,46.2,83,78,7,6,17,24,21,20,6,4,12,11,1,11,6.96,6.54,Leicester,Manchester United,0 , 1,0 , 3,19:00,"Sun, 16-Mar-25",4,15,Won (0%),Drew (17%),Won (83%),11,18,9,10,1,7,1,1,0,0,0,0,559,478,30,12,38,53,489,411
58,18,22,43,57,74,81,8,11,25,19,19,23,6,13,16,10,4,4,6.27,6.44,Ipswich,Bournemouth,1 , 0,1 , 2,14:00,"Sun, 08-Dec-24",6,6,Won (0%),Drew (100%),Won (0%),18,22,7,17,11,4,0,1,0,0,0,0,354,470,13,23,60,64,278,380
59,9,16,65.3,34.7,92,81,12,11,7,6,14,21,3,6,9,10,5,6,6.1,6.58,Southampton,Everton,0 , 0,1 , 0,15:00,"Sat, 02-Nov-24",7,8,Won (50%),Drew (0%),Won (50%),9,16,7,7,2,9,0,0,0,0,0,0,618,328,19,19,34,51,563,258
60,20,20,50.3,49.7,82,80,16,6,18,14,9,23,6,6,15,6,5,8,6.54,6.65,Nottingham Forest,Crystal Palace,0 , 0,1 , 0,20:00,"Mon, 21-Oct-24",6,4,Won (33%),Drew (67%),Won (0%),20,20,15,15,5,4,0,1,0,0,0,0,472,467,23,16,48,42,400,408
61,11,9,39.3,60.7,82,91,11,6,10,7,22,17,4,1,10,13,3,3,6.66,6.32,Aston Villa,Arsenal,0 , 0,0 , 2,17:30,"Sat, 24-Aug-24",7,10,Won (33%),Drew (0%),Won (67%),11,9,9,9,1,0,1,0,0,0,0,0,347,532,10,13,40,27,295,487
62,10,12,44.6,55.4,82,86,7,5,10,15,18,16,5,6,4,9,8,7,6.58,6.37,Manchester United,Ipswich,2 , 2,3 , 2,19:30,"Wed, 26-Feb-25",12,2,Won (67%),Drew (33%),Won (0%),11,12,4,10,6,2,0,0,0,0,1,0,382,477,18,18,50,31,311,427
63,9,24,51.9,48.1,85,86,10,5,5,8,20,27,7,5,12,13,9,2,6.66,6.57,Tottenham,Liverpool,1 , 3,3 , 6,16:30,"Sun, 22-Dec-24",11,14,Won (17%),Drew (33%),Won (50%),9,24,7,18,2,2,0,4,0,0,0,0,571,530,16,21,38,50,515,454
64,19,13,52.9,47.1,83,75,13,10,11,8,6,20,6,9,11,1,3,3,6.57,6.23,Liverpool,Manchester United,0 , 0,2 , 2,16:30,"Sun, 05-Jan-25",18,6,Won (50%),Drew (33%),Won (17%),19,13,13,10,3,3,2,0,1,0,0,0,458,411,17,22,47,63,392,322
65,10,11,48.2,51.8,89,89,4,15,3,5,20,16,4,3,9,12,3,3,6.61,6.5,Chelsea,Manchester City,0 , 1,0 , 2,16:30,"Sun, 18-Aug-24",7,15,Won (0%),Drew (33%),Won (67%),10,11,8,10,1,1,1,0,0,0,0,0,514,552,18,11,34,35,460,504
66,8,10,44.6,55.4,84,85,7,4,10,10,14,10,2,10,6,7,6,2,6.46,6.5,Wolves,Liverpool,0 , 1,1 , 2,17:30,"Sat, 28-Sep-24",6,10,Won (17%),Drew (17%),Won (67%),8,10,5,4,2,4,1,1,0,1,0,0,450,560,15,21,42,41,392,498
67,11,15,60.4,39.6,83,75,21,6,12,12,17,27,4,5,13,11,5,7,6.47,6.61,Manchester City,Brighton,2 , 1,2 , 2,15:00,"Sat, 15-Mar-25",14,5,Won (67%),Drew (17%),Won (17%),11,16,7,10,3,4,0,1,1,0,0,1,520,341,11,11,46,54,461,275
68,19,14,51.1,48.9,87,82,11,12,11,15,17,24,9,6,12,8,8,7,6.6,6.32,Brighton,Wolves,1 , 0,2 , 2,15:00,"Sat, 26-Oct-24",16,6,Won (67%),Drew (17%),Won (17%),19,14,13,3,6,8,0,3,0,0,0,0,486,465,26,19,46,59,411,387
69,19,6,35.9,64.1,73,86,4,11,9,14,32,8,3,8,4,19,3,5,6.34,6.63,Crystal Palace,Aston Villa,1 , 0,4 , 1,19:30,"Tue, 25-Feb-25",13,8,Won (50%),Drew (17%),Won (33%),19,6,8,3,7,3,4,0,0,0,0,0,277,489,12,13,49,31,216,444
70,11,12,55.6,44.4,88,87,9,7,8,5,26,20,8,3,5,14,6,5,6.62,6.69,Tottenham,Manchester City,0 , 1,0 , 1,19:30,"Wed, 26-Feb-25",10,7,Won (50%),Drew (17%),Won (33%),11,12,4,9,6,3,1,0,0,0,0,0,550,442,16,12,33,40,500,389
71,19,19,54,46,80,77,11,8,20,24,13,19,11,0,13,9,3,5,6.37,6.32,West Ham,Wolves,0 , 0,2 , 1,20:00,"Mon, 09-Dec-24",9,5,Won (67%),Drew (0%),Won (33%),19,19,8,13,11,6,0,0,0,0,0,0,464,393,22,13,60,69,379,311
72,15,12,53,47,89,87,9,6,10,10,16,19,6,5,8,11,2,5,6.5,6.51,West Ham,Chelsea,0 , 2,0 , 3,12:30,"Sat, 21-Sep-24",8,12,Won (33%),Drew (17%),Won (50%),15,12,10,10,4,0,1,2,0,0,0,0,533,471,29,8,35,49,467,408
73,22,10,52.3,47.7,90,87,9,12,10,9,14,17,7,6,8,8,8,7,6.58,6.37,Brighton,Southampton,1 , 0,1 , 1,20:00,"Fri, 29-Nov-24",12,8,Won (50%),Drew (33%),Won (17%),22,10,14,7,7,2,1,1,0,0,0,0,498,452,32,23,29,40,434,386
74,17,13,49.3,50.7,85,88,7,8,9,10,19,13,4,3,8,16,3,7,7.06,6.65,Chelsea,Arsenal,0 , 0,1 , 1,16:30,"Sun, 10-Nov-24",5,19,Won (0%),Drew (17%),Won (83%),17,13,10,11,5,2,2,0,0,0,0,0,438,456,14,18,50,32,374,404
75,9,20,24.1,75.9,63,90,3,4,15,16,17,11,4,7,7,10,5,7,6.22,6.44,Ipswich,Chelsea,1 , 0,2 , 0,19:45,"Mon, 30-Dec-24",5,18,Won (0%),Drew (33%),Won (67%),9,20,3,17,2,2,3,1,1,0,0,0,239,753,7,20,56,33,176,699
76,7,15,29.5,70.5,77,90,7,13,8,9,22,23,2,13,14,11,3,3,6.3,6.49,Leicester,Tottenham,0 , 1,1 , 1,20:00,"Mon, 19-Aug-24",13,17,Won (33%),Drew (0%),Won (67%),7,15,5,7,2,8,0,0,0,0,0,0,297,706,15,28,37,22,242,654
77,13,6,43.8,56.2,80,80,11,10,9,11,20,30,3,4,16,9,4,6,6.46,6.43,Everton,Wolves,2 , 0,4 , 0,19:30,"Wed, 04-Dec-24",3,10,Won (0%),Drew (17%),Won (83%),15,6,8,4,4,2,1,0,0,0,2,0,386,491,10,13,67,73,309,405
78,11,13,41,59,83,88,7,14,8,8,12,20,4,7,7,3,8,4,6.54,6.65,Brighton,Tottenham,0 , 2,3 , 2,16:30,"Sun, 06-Oct-24",7,9,Won (33%),Drew (0%),Won (67%),11,13,8,10,3,3,0,0,0,0,0,0,385,554,15,19,48,34,321,499
79,8,11,52.8,47.2,83,84,8,5,5,13,32,24,5,2,11,18,6,1,6.22,6.58,Manchester United,Liverpool,0 , 2,0 , 3,16:00,"Sun, 01-Sep-24",8,16,Won (33%),Drew (33%),Won (33%),8,11,7,8,1,1,0,2,0,0,0,0,530,475,19,6,39,38,471,430
80,11,19,43.3,56.7,72,80,16,14,18,26,21,25,1,9,11,14,7,5,6.66,6.43,Brighton,Bournemouth,1 , 0,2 , 1,19:30,"Tue, 25-Feb-25",9,8,Won (67%),Drew (0%),Won (33%),11,19,7,10,3,7,0,2,1,0,0,0,377,497,8,22,63,62,303,412
81,17,8,50.3,49.7,91,88,10,5,10,8,19,11,4,3,6,9,3,3,6.4,6.55,Nottingham Forest,Aston Villa,0 , 0,2 , 1,17:30,"Sat, 14-Dec-24",11,15,Won (17%),Drew (33%),Won (50%),17,8,9,5,6,3,2,0,0,0,0,0,496,490,21,16,34,36,440,438
82,17,11,50.4,49.6,85,80,7,6,13,14,12,13,7,4,6,8,1,5,,6.52,Chelsea,Newcastle,1 , 1,2 , 1,14:00,"Sun, 27-Oct-24",7,10,Won (33%),Drew (33%),Won (33%),17,11,13,7,2,4,2,0,0,0,0,0,483,474,21,11,60,56,399,405
83,14,14,45.8,54.2,82,84,8,15,20,18,27,31,4,3,14,10,4,6,6.48,6.55,Aston Villa,West Ham,1 , 0,1 , 1,16:30,"Sun, 26-Jan-25",10,6,Won (50%),Drew (33%),Won (17%),14,14,11,8,2,5,1,1,0,0,0,0,399,474,17,22,34,66,347,385
84,14,11,33.6,66.4,64,81,4,9,21,15,32,19,8,8,12,16,5,3,6.46,6.86,Crystal Palace,Tottenham,1 , 0,1 , 0,14:00,"Sun, 27-Oct-24",5,13,Won (17%),Drew (0%),Won (83%),14,11,6,6,8,5,0,0,0,0,0,0,283,553,29,28,65,44,188,479
85,16,12,47.3,52.7,71,71,4,10,18,19,15,16,4,7,8,5,4,7,6.66,6.44,Crystal Palace,Brentford,0 , 0,1 , 2,14:00,"Sun, 26-Jan-25",7,6,Won (17%),Drew (67%),Won (17%),16,12,8,6,8,4,0,1,0,1,0,0,336,373,17,18,60,60,259,295
86,14,9,40.2,59.8,81,86,8,7,9,17,20,20,7,4,15,12,1,4,6.77,6.14,Bournemouth,Southampton,3 , 0,3 , 1,20:00,"Mon, 30-Sep-24",7,9,Won (50%),Drew (0%),Won (50%),14,9,10,7,2,2,2,0,0,0,0,0,401,597,19,14,53,45,327,538
87,6,26,45.1,54.9,89,92,14,4,7,6,12,15,5,7,3,6,10,2,6.38,6.67,Southampton,Chelsea,1 , 3,1 , 5,19:30,"Wed, 04-Dec-24",6,12,Won (33%),Drew (17%),Won (50%),6,26,5,17,1,6,0,3,0,0,0,0,455,552,18,12,38,19,399,515
88,18,8,53.8,46.2,89,85,3,3,6,11,12,20,12,3,12,6,4,5,6.77,6.36,Manchester City,Brentford,2 , 1,2 , 1,15:00,"Sat, 14-Sep-24",8,4,Won (67%),Drew (0%),Won (33%),18,8,12,3,6,5,0,0,0,0,0,0,562,483,15,12,36,58,510,409
89,10,15,39.5,60.5,87,90,2,15,6,5,16,12,0,4,7,12,8,5,6.6,6.49,Brighton,Manchester City,0 , 1,2 , 1,17:30,"Sat, 09-Nov-24",4,17,Won (0%),Drew (17%),Won (83%),10,15,9,10,1,2,0,3,0,0,0,0,441,671,8,11,36,40,395,618
90,9,8,53.6,46.4,87,84,8,2,11,8,18,20,6,1,7,9,7,7,6.48,6.45,Leicester,Wolves,0 , 3,0 , 3,14:00,"Sun, 22-Dec-24",9,3,Won (67%),Drew (17%),Won (17%),9,8,8,5,1,1,0,2,0,0,0,0,575,497,24,8,34,65,511,424
91,3,22,22.4,77.6,66,90,4,10,14,13,26,14,1,18,10,14,6,3,6.28,6.7,Wolves,Manchester City,1 , 1,1 , 2,14:00,"Sun, 20-Oct-24",4,18,Won (17%),Drew (0%),Won (83%),3,22,2,12,0,9,1,1,0,0,0,0,226,775,4,40,71,17,150,717
92,11,19,56.8,43.2,80,76,14,9,13,15,25,14,3,6,9,15,8,9,6.42,6.64,Wolves,Crystal Palace,0 , 0,2 , 2,17:30,"Sat, 02-Nov-24",7,13,Won (17%),Drew (0%),Won (83%),11,19,8,11,1,6,2,2,0,0,0,0,508,385,12,23,66,48,428,314
93,11,11,55.7,44.3,84,79,9,4,13,14,10,15,6,3,9,6,6,1,6.34,,Ipswich,Nottingham Forest,0 , 3,2 , 4,15:00,"Sat, 15-Mar-25",7,9,Won (17%),Drew (17%),Won (67%),11,11,4,6,6,3,1,2,0,0,0,0,465,370,18,11,49,58,398,300
94,20,11,58.1,41.9,91,87,11,5,7,6,10,23,8,3,10,4,4,1,6.64,6.36,Manchester City,Fulham,1 , 1,3 , 2,15:00,"Sat, 05-Oct-24",20,4,Won (100%),Drew (0%),Won (0%),20,11,14,6,5,1,1,4,0,0,0,0,653,474,16,15,16,47,618,411
95,8,17,40.1,59.9,75,81,8,5,28,20,14,25,5,8,16,12,6,6,6.51,6.58,Everton,Crystal Palace,0 , 1,2 , 1,15:00,"Sat, 28-Sep-24",8,3,Won (50%),Drew (50%),Won (0%),8,17,4,7,4,10,0,0,0,0,0,0,377,560,23,20,63,62,290,478
96,11,24,39.2,60.8,79,88,2,6,6,8,27,7,5,3,1,15,4,3,6.24,6.63,Manchester United,Tottenham,0 , 1,0 , 3,16:30,"Sun, 29-Sep-24",12,8,Won (50%),Drew (33%),Won (17%),11,24,8,14,3,6,0,4,0,0,0,0,427,659,21,15,64,34,338,608
97,11,8,59.9,40.1,90,86,9,9,9,10,16,19,2,2,9,8,3,5,6.46,6.44,Manchester United,Everton,2 , 0,4 , 0,13:30,"Sun, 01-Dec-24",12,3,Won (83%),Drew (0%),Won (17%),11,8,6,4,2,4,3,0,0,0,0,0,643,431,6,13,43,43,592,372
98,8,31,38.9,61.1,76,86,6,20,20,29,35,13,3,9,8,15,5,1,6.44,6.43,Leicester,West Ham,1 , 0,3 , 1,20:15,"Tue, 03-Dec-24",9,13,Won (33%),Drew (17%),Won (50%),8,31,4,21,1,10,3,0,0,0,0,0,396,622,11,27,67,48,313,544
99,10,12,60.1,39.9,85,77,9,3,12,14,28,26,3,4,12,17,6,5,6.34,6.64,Wolves,Bournemouth,1 , 3,2 , 4,15:00,"Sat, 30-Nov-24",5,4,Won (50%),Drew (17%),Won (33%),10,12,5,7,4,2,1,0,0,3,0,0,546,362,21,15,49,53,476,293
100,8,14,32.1,67.9,74,86,13,6,14,11,19,25,0,10,16,10,4,7,6.36,6.54,Everton,Newcastle,0 , 0,0 , 0,17:30,"Sat, 05-Oct-24",7,9,Won (33%),Drew (17%),Won (50%),8,14,6,7,1,5,1,1,0,1,0,0,326,687,10,22,56,41,259,622
101,16,1,48.8,51.2,80,81,9,6,18,16,30,12,8,9,9,14,5,5,6.48,6.62,Crystal Palace,Newcastle,0 , 0,1 , 1,15:00,"Sat, 30-Nov-24",2,5,Won (17%),Drew (33%),Won (50%),16,2,9,0,6,1,1,0,0,0,0,1,428,449,22,22,51,48,352,378
102,19,15,55.2,44.8,74,75,9,10,21,22,23,14,5,4,7,13,5,10,6.54,6.4,Crystal Palace,Ipswich,0 , 0,1 , 0,15:00,"Sat, 08-Mar-25",13,6,Won (83%),Drew (0%),Won (17%),19,15,12,7,6,6,1,2,0,0,0,0,433,352,19,16,67,47,343,287
103,15,5,56.8,43.2,86,80,5,1,15,15,10,19,6,5,10,4,5,7,6.58,6.22,Fulham,Southampton,0 , 0,0 , 0,14:00,"Sun, 22-Dec-24",5,7,Won (33%),Drew (17%),Won (50%),15,5,14,1,1,3,0,1,0,0,0,0,572,436,28,13,30,60,514,363
104,9,9,37.9,62.1,74,86,6,7,20,20,24,24,7,9,12,13,8,11,6.6,6.54,Everton,Manchester United,2 , 0,2 , 2,12:30,"Sat, 22-Feb-25",2,16,Won (0%),Drew (0%),Won (100%),9,9,5,2,2,7,2,0,0,0,0,0,342,558,23,20,54,51,265,482
105,17,12,66.6,33.4,89,80,13,5,7,5,16,24,8,2,15,11,4,2,6.64,6.35,Manchester City,Nottingham Forest,2 , 0,3 , 0,19:30,"Wed, 04-Dec-24",14,4,Won (67%),Drew (17%),Won (17%),17,12,12,11,4,1,1,0,0,0,0,0,604,304,15,13,34,35,552,255
106,16,14,39.3,60.7,76,79,2,6,13,10,21,21,8,9,9,14,3,6,6.47,6.48,Bournemouth,Newcastle,1 , 0,1 , 1,14:00,"Sun, 25-Aug-24",7,9,Won (17%),Drew (50%),Won (33%),16,14,12,7,3,6,1,1,0,0,0,0,341,527,19,26,65,55,257,445
107,24,8,66.3,33.7,91,81,13,7,9,9,16,17,8,5,9,7,7,3,6.54,6.72,Manchester City,Everton,1 , 1,1 , 1,12:30,"Thu, 26-Dec-24",13,2,Won (83%),Drew (17%),Won (0%),24,8,12,4,10,3,1,1,1,0,0,0,674,343,23,16,30,59,615,268
108,19,4,53.4,46.6,85,79,6,10,13,15,18,13,11,6,9,11,7,2,6.69,6.64,Nottingham Forest,West Ham,1 , 0,3 , 0,15:00,"Sat, 02-Nov-24",11,9,Won (50%),Drew (0%),Won (50%),19,4,10,2,8,2,1,0,0,0,0,0,469,410,20,15,46,52,401,342
109,10,10,51.8,48.2,87,88,9,8,10,12,14,24,8,2,12,7,6,2,6.48,6.44,Manchester City,Manchester United,1 , 0,1 , 2,16:30,"Sun, 15-Dec-24",11,7,Won (67%),Drew (0%),Won (33%),10,10,7,6,3,1,0,2,0,1,0,0,519,488,19,10,44,49,452,426
110,13,2,76.6,23.4,92,71,13,10,15,9,18,29,8,2,16,11,5,4,6.57,6.55,Arsenal,Everton,0 , 0,0 , 0,15:00,"Sat, 14-Dec-24",14,3,Won (83%),Drew (0%),Won (17%),13,2,10,1,2,0,1,1,0,0,0,0,723,222,28,8,33,50,661,164
111,7,18,37.8,62.2,78,86,3,11,11,18,20,9,2,10,4,9,5,2,6.12,6.96,Ipswich,Liverpool,0 , 0,0 , 2,12:30,"Sat, 17-Aug-24",3,13,Won (20%),Drew (20%),Won (60%),7,18,1,14,5,3,1,1,0,0,0,0,367,596,8,23,48,55,311,512
112,13,3,67.8,32.2,90,81,7,6,13,15,24,18,5,1,9,17,5,5,6.64,6.3,Arsenal,Ipswich,1 , 0,1 , 0,20:15,"Fri, 27-Dec-24",9,3,Won (67%),Drew (0%),Won (33%),13,3,10,3,3,0,0,0,0,0,0,0,691,329,18,8,26,38,646,283
113,11,3,61.6,38.4,92,83,8,1,8,5,10,26,7,4,9,7,3,6,6.48,6.83,Manchester City,Newcastle,3 , 0,4 , 0,15:00,"Sat, 15-Feb-25",9,4,Won (67%),Drew (17%),Won (17%),11,3,8,2,3,1,0,0,0,0,0,0,605,380,13,14,45,32,544,328
114,10,14,39.9,60.1,79,86,7,7,18,8,19,16,4,2,10,10,6,5,6.52,6.55,Everton,Fulham,0 , 0,1 , 1,17:30,"Sat, 26-Oct-24",2,7,Won (0%),Drew (33%),Won (67%),10,14,9,11,1,2,0,1,0,0,0,0,410,614,17,17,54,50,339,546
115,27,4,59.4,40.6,87,78,11,8,11,13,8,23,5,2,12,4,6,7,6.43,6.44,Newcastle,Leicester,1 , 0,4 , 0,15:00,"Sat, 14-Dec-24",11,7,Won (67%),Drew (17%),Won (17%),27,4,17,3,7,1,3,0,0,0,0,0,650,446,15,10,37,56,595,380
116,9,16,31.9,68.1,70,86,4,8,7,27,8,13,3,8,6,8,5,2,6.46,6.18,Crystal Palace,Liverpool,0 , 1,0 , 1,12:30,"Sat, 05-Oct-24",4,8,Won (17%),Drew (33%),Won (50%),9,16,4,13,4,2,1,1,0,0,0,0,315,669,9,16,57,63,247,587
117,13,12,56.6,43.4,85,85,9,8,18,15,31,25,6,5,16,13,5,4,6.69,6.6,Fulham,Tottenham,0 , 0,2 , 0,13:30,"Sun, 16-Mar-25",6,7,Won (33%),Drew (17%),Won (50%),13,12,8,7,5,5,0,0,0,0,0,0,567,435,33,19,52,34,480,382
118,14,18,42,58,83,85,6,7,12,7,21,30,10,6,18,8,2,3,5.94,6.3,Southampton,Leicester,2 , 0,2 , 3,15:00,"Sat, 19-Oct-24",7,16,Won (33%),Drew (17%),Won (50%),14,18,8,12,6,5,0,0,0,1,0,0,382,529,19,27,47,41,315,459
119,7,22,45.9,54.1,86,88,7,10,6,7,17,23,3,6,14,10,4,3,6.65,6.7,West Ham,Liverpool,0 , 3,0 , 5,17:15,"Sun, 29-Dec-24",6,18,Won (0%),Drew (17%),Won (83%),7,22,6,15,1,3,0,4,0,0,0,0,485,566,9,22,46,37,430,503
120,19,10,33.3,66.7,70,85,9,12,15,11,14,12,6,3,6,8,4,4,6.54,6.71,Bournemouth,Chelsea,0 , 0,0 , 1,20:00,"Sat, 14-Sep-24",5,11,Won (0%),Drew (33%),Won (67%),19,10,15,8,3,2,0,0,1,0,0,0,300,596,17,8,52,48,230,539
121,11,16,52,48,80,79,10,8,15,26,26,12,1,7,8,14,5,7,6.54,6.57,Fulham,Bournemouth,1 , 0,2 , 2,15:00,"Sun, 29-Dec-24",8,10,Won (17%),Drew (50%),Won (33%),11,16,8,7,1,7,2,2,0,0,0,0,506,467,15,25,57,57,432,382
122,18,15,52.8,47.2,85,82,5,8,7,15,21,26,8,3,18,10,6,3,6.48,6.56,Newcastle,West Ham,0 , 1,0 , 2,20:00,"Mon, 25-Nov-24",15,12,Won (33%),Drew (50%),Won (17%),18,15,15,12,3,3,0,0,0,0,0,0,554,495,35,12,37,69,481,411
123,12,16,40.1,59.9,78,84,5,5,17,11,22,17,2,10,9,14,3,3,6.57,6.64,West Ham,Arsenal,2 , 5,2 , 5,17:30,"Sat, 30-Nov-24",9,14,Won (33%),Drew (17%),Won (50%),12,16,9,8,3,5,0,1,0,2,0,0,337,503,9,19,50,44,275,436
124,29,16,51.2,48.8,76,73,3,10,21,24,13,12,12,6,6,3,5,2,6.5,6.47,Bournemouth,West Ham,0 , 0,1 , 1,20:00,"Mon, 16-Dec-24",7,12,Won (17%),Drew (33%),Won (50%),29,16,17,9,9,3,3,3,0,1,0,0,471,449,30,23,75,81,364,341
125,18,10,54.2,45.8,85,84,4,7,17,13,14,21,7,5,12,7,0,3,,6.23,Fulham,Leicester,1 , 1,2 , 1,15:00,"Sat, 24-Aug-24",10,10,Won (50%),Drew (17%),Won (33%),18,10,10,3,7,6,1,1,0,0,0,0,561,479,21,12,47,44,493,422
126,23,13,59.5,40.5,85,80,8,13,9,20,17,25,5,4,17,14,6,3,6.47,6.08,Manchester United,Southampton,0 , 1,3 , 1,20:00,"Thu, 16-Jan-25",15,2,Won (50%),Drew (50%),Won (0%),23,14,20,11,1,2,2,0,0,0,0,1,609,414,13,8,43,52,551,354
127,23,9,57.6,42.4,92,84,9,8,10,5,13,13,9,3,8,5,11,7,6.66,6.5,Manchester City,Tottenham,0 , 2,0 , 4,17:30,"Sat, 23-Nov-24",11,8,Won (50%),Drew (17%),Won (33%),23,9,19,5,4,0,0,4,0,0,0,0,602,444,33,10,31,33,535,400
128,13,9,62.8,37.2,90,79,11,6,10,7,13,19,4,5,6,6,4,2,6.43,6.42,Chelsea,Crystal Palace,1 , 0,1 , 1,13:30,"Sun, 01-Sep-24",11,3,Won (100%),Drew (0%),Won (0%),13,9,5,5,4,4,4,0,0,0,0,0,614,365,19,9,41,49,551,306
129,28,6,71.2,28.8,91,76,18,13,3,9,19,21,6,4,9,9,3,6,6.57,6.18,Liverpool,Southampton,0 , 1,3 , 1,15:00,"Sat, 08-Mar-25",17,9,Won (83%),Drew (17%),Won (0%),28,6,19,2,5,3,2,1,2,0,0,0,679,276,20,5,39,43,618,227
130,9,9,51.6,48.4,84,83,7,8,14,7,27,22,1,5,10,10,6,6,6.55,6.78,Wolves,Arsenal,0 , 0,0 , 1,15:00,"Sat, 25-Jan-25",2,15,Won (0%),Drew (0%),Won (100%),9,9,7,6,1,3,1,0,0,0,0,0,452,424,14,23,47,39,391,362
131,8,17,32.7,67.3,87,92,7,9,10,6,13,14,4,7,7,8,4,4,6.3,6.5,Ipswich,Manchester City,0 , 3,0 , 6,16:30,"Sun, 19-Jan-25",9,13,Won (50%),Drew (0%),Won (50%),8,17,3,13,4,3,1,1,0,0,0,0,370,762,12,8,47,37,311,714
132,10,15,41.6,58.4,83,87,4,11,8,8,10,15,2,1,7,6,6,6,6.36,6.56,Ipswich,Newcastle,0 , 3,0 , 4,15:00,"Sat, 21-Dec-24",7,13,Won (17%),Drew (33%),Won (50%),10,15,7,10,1,1,2,4,0,0,0,0,451,630,12,10,50,51,385,563
133,10,16,54.9,45.1,84,85,12,11,14,11,15,19,5,5,10,10,6,7,6.42,6.62,Leicester,Brighton,0 , 1,2 , 2,14:00,"Sun, 08-Dec-24",10,13,Won (33%),Drew (33%),Won (33%),10,16,6,9,4,5,0,2,0,0,0,0,545,447,20,15,41,42,483,389
134,14,4,70.4,29.6,88,69,10,8,18,10,12,18,9,1,11,9,5,3,6.51,6.35,Brighton,Nottingham Forest,2 , 1,2 , 2,14:00,"Sun, 22-Sep-24",8,8,Won (50%),Drew (17%),Won (33%),14,4,8,3,6,0,0,0,0,1,0,0,594,254,43,4,33,59,517,190
135,12,17,52.7,47.3,84,83,9,7,21,4,21,19,3,8,11,12,5,4,6.28,6.39,Southampton,Newcastle,1 , 2,1 , 3,15:00,"Sat, 25-Jan-25",4,13,Won (0%),Drew (0%),Won (100%),12,17,9,12,2,4,1,0,0,1,0,0,494,446,16,11,62,33,415,395
136,15,7,43.8,56.2,85,89,10,5,10,7,18,15,10,0,10,13,4,7,6.13,6.48,Ipswich,Aston Villa,1 , 2,2 , 2,14:00,"Sun, 29-Sep-24",3,9,Won (17%),Drew (33%),Won (50%),15,7,8,6,5,1,2,0,0,0,0,0,429,549,17,4,46,48,365,493
137,21,9,57.2,42.8,86,79,10,12,14,15,18,17,4,3,10,10,7,5,6.45,6.67,Leicester,Crystal Palace,0 , 0,0 , 2,19:30,"Wed, 15-Jan-25",9,8,Won (33%),Drew (50%),Won (17%),21,9,16,8,4,1,1,0,0,0,0,0,634,477,22,12,47,64,561,397
138,22,16,66.1,33.9,88,76,11,9,14,16,14,12,11,3,8,7,3,2,6.61,6.35,Chelsea,Nottingham Forest,0 , 0,1 , 1,14:00,"Sun, 06-Oct-24",10,6,Won (50%),Drew (33%),Won (17%),22,16,17,10,4,6,1,0,0,0,0,0,629,325,29,11,43,44,554,266
139,11,11,40.3,59.7,82,88,5,5,9,14,16,15,4,3,9,7,6,7,6.31,6.44,Ipswich,Manchester United,1 , 1,1 , 1,16:30,"Sun, 24-Nov-24",1,11,Won (0%),Drew (20%),Won (80%),11,11,8,10,2,1,1,0,0,0,0,0,445,661,16,7,44,51,385,601
140,14,5,69.1,30.9,84,69,6,6,21,13,12,22,7,2,9,7,4,3,6.5,6.35,Liverpool,Nottingham Forest,0 , 0,0 , 1,15:00,"Sat, 14-Sep-24",8,3,Won (80%),Drew (0%),Won (20%),14,5,10,2,3,0,1,3,0,0,0,0,624,284,19,6,55,66,550,210
141,8,10,31.3,68.7,81,89,7,8,9,11,25,13,5,8,5,12,9,5,6.48,6.58,Wolves,Aston Villa,1 , 0,2 , 0,17:30,"Sat, 01-Feb-25",6,8,Won (33%),Drew (33%),Won (33%),8,10,3,5,1,5,4,0,0,0,0,0,271,584,15,23,42,21,208,536
142,17,13,65.1,34.9,88,74,16,5,13,15,22,25,8,5,12,13,6,3,6.59,6.71,Brighton,Crystal Palace,0 , 2,1 , 3,14:00,"Sun, 15-Dec-24",9,5,Won (33%),Drew (67%),Won (0%),18,13,13,9,4,2,0,2,0,0,1,0,600,322,23,12,34,54,539,256
143,17,11,66.6,33.4,82,65,5,4,19,18,15,21,11,0,10,10,3,6,6.32,6.47,Manchester United,Crystal Palace,0 , 0,0 , 2,14:00,"Sun, 02-Feb-25",6,7,Won (33%),Drew (33%),Won (33%),17,11,6,8,10,2,1,1,0,0,0,0,590,297,23,7,49,49,518,238
144,15,9,57,43,85,78,17,7,19,26,16,34,1,2,19,8,5,3,6.33,6.09,Ipswich,Southampton,1 , 1,1 , 2,15:00,"Sat, 01-Feb-25",7,6,Won (33%),Drew (50%),Won (17%),15,9,10,5,3,2,2,2,0,0,0,0,553,421,14,14,46,76,492,330
145,9,17,43.7,56.3,78,86,6,2,15,22,29,13,4,5,7,17,2,5,6.35,6.38,Nottingham Forest,Newcastle,1 , 0,1 , 3,14:00,"Sun, 10-Nov-24",10,10,Won (33%),Drew (0%),Won (67%),9,17,4,10,3,4,2,3,0,0,0,0,412,526,23,28,55,38,334,459
146,18,16,54.2,45.8,84,79,8,8,22,21,15,19,2,2,9,9,3,2,6.09,6.46,Southampton,West Ham,0 , 0,0 , 1,15:00,"Thu, 26-Dec-24",7,8,Won (33%),Drew (33%),Won (33%),18,16,13,11,5,5,0,0,0,0,0,0,502,424,23,10,64,59,415,354
147,16,10,54.3,45.7,84,83,15,11,12,15,20,12,7,3,9,12,7,4,6.4,6.27,Wolves,Ipswich,0 , 1,1 , 2,15:00,"Sat, 14-Dec-24",4,3,Won (33%),Drew (50%),Won (17%),16,11,12,9,2,1,2,0,0,0,0,1,530,449,25,17,53,48,450,382
148,20,3,56.6,43.4,86,81,13,2,21,13,11,18,12,2,9,4,5,2,6.52,6.52,Chelsea,Leicester,0 , 0,1 , 0,14:00,"Sun, 09-Mar-25",15,6,Won (83%),Drew (17%),Won (0%),20,3,12,3,5,0,2,0,1,0,0,0,573,441,26,18,48,51,498,372
149,12,14,51.8,48.2,84,83,9,4,15,16,13,15,2,5,4,7,8,9,6.53,6.59,Brentford,Everton,1 , 0,1 , 1,19:30,"Wed, 26-Feb-25",5,8,Won (17%),Drew (33%),Won (50%),12,14,5,9,7,2,0,3,0,0,0,0,486,451,20,21,46,48,419,382
150,8,9,28.9,71.1,77,90,12,9,5,9,14,16,1,9,11,8,7,5,6.32,6.09,Wolves,Southampton,1 , 0,2 , 0,15:00,"Sat, 09-Nov-24",9,5,Won (83%),Drew (0%),Won (17%),8,9,7,5,1,3,0,1,0,0,0,0,289,704,3,25,43,27,242,649
151,12,15,52.2,47.8,87,88,11,7,7,8,17,16,2,3,10,8,7,8,6.5,6.52,Aston Villa,Chelsea,0 , 1,2 , 1,17:30,"Sat, 22-Feb-25",6,8,Won (33%),Drew (33%),Won (33%),12,15,7,9,3,3,2,3,0,0,0,0,504,462,14,12,31,47,457,397
152,13,17,38.5,61.5,83,86,8,10,8,8,19,18,5,10,15,8,8,4,6.64,6.51,Tottenham,Chelsea,2 , 1,3 , 4,16:30,"Sun, 08-Dec-24",5,11,Won (17%),Drew (17%),Won (67%),13,17,8,9,5,4,0,2,0,2,0,0,339,538,15,16,25,52,298,469
153,14,13,52.9,47.1,80,78,9,5,25,15,24,18,2,6,8,14,0,5,,6.63,Nottingham Forest,Bournemouth,1 , 0,1 , 1,15:00,"Sat, 17-Aug-24",7,11,Won (0%),Drew (33%),Won (67%),14,13,12,9,2,2,0,2,0,0,0,0,520,467,13,25,52,70,454,372
154,8,20,50.6,49.4,86,86,12,5,18,15,15,20,2,2,9,8,6,8,6.2,6.41,Southampton,Brentford,0 , 1,0 , 5,15:00,"Sat, 04-Jan-25",5,14,Won (17%),Drew (0%),Won (83%),8,20,8,16,0,1,0,2,0,1,0,0,487,477,13,11,46,35,424,427
155,14,1,75.2,24.8,93,82,11,2,5,7,14,17,10,1,10,8,1,7,,6.24,Manchester City,Ipswich,3 , 1,4 , 1,15:00,"Sat, 24-Aug-24",10,10,Won (33%),Drew (0%),Won (67%),14,1,8,0,4,0,1,1,1,0,0,0,776,256,17,6,27,35,730,214
156,11,16,37.7,62.3,79,88,8,13,13,6,15,15,5,6,13,8,5,4,6.63,6.64,Newcastle,Manchester City,0 , 1,1 , 1,12:30,"Sat, 28-Sep-24",6,11,Won (17%),Drew (17%),Won (67%),11,16,6,15,4,1,0,0,1,0,0,0,354,584,16,19,51,35,284,525
157,10,17,56,44,89,86,6,6,7,14,12,13,7,1,10,3,6,3,6.54,6.7,Manchester City,West Ham,2 , 0,4 , 1,15:00,"Sat, 04-Jan-25",16,5,Won (83%),Drew (17%),Won (0%),11,17,8,13,2,3,0,1,0,0,1,0,570,449,12,12,36,46,520,388
158,18,17,46.9,53.1,74,77,10,5,23,17,17,26,8,4,17,6,3,3,6.53,6.47,Everton,Bournemouth,0 , 0,2 , 3,15:00,"Sat, 31-Aug-24",7,12,Won (33%),Drew (0%),Won (67%),18,17,12,12,6,4,0,1,0,0,0,0,373,422,21,24,77,62,274,336
159,14,18,58.4,41.6,82,77,3,14,13,23,23,20,3,3,9,14,1,1,,6.42,Crystal Palace,West Ham,0 , 0,0 , 2,15:00,"Sat, 24-Aug-24",17,11,Won (67%),Drew (17%),Won (17%),14,18,8,9,4,6,2,3,0,0,0,0,579,412,20,14,68,70,489,326
160,20,9,67.2,32.8,85,69,4,11,21,12,24,19,5,2,14,18,4,2,6.56,6.32,Crystal Palace,Leicester,0 , 1,2 , 2,15:00,"Sat, 14-Sep-24",7,8,Won (17%),Drew (50%),Won (33%),20,9,14,6,5,2,0,1,1,0,0,0,635,309,27,8,64,55,542,244
161,29,8,58.6,41.4,90,85,14,6,9,15,16,15,13,1,10,9,6,4,6.52,6.14,Arsenal,Southampton,0 , 0,3 , 1,15:00,"Sat, 05-Oct-24",10,7,Won (33%),Drew (33%),Won (33%),29,8,21,6,8,1,0,1,0,0,0,0,572,404,32,7,36,33,503,363
162,18,11,60,40,88,84,10,6,12,19,10,20,7,5,10,4,7,5,6.44,6.6,Wolves,Fulham,1 , 1,1 , 2,19:30,"Tue, 25-Feb-25",10,6,Won (50%),Drew (33%),Won (17%),18,11,10,10,8,1,0,0,0,0,0,0,604,402,29,9,31,52,542,336
163,12,3,61.2,38.8,90,84,8,7,9,5,25,20,4,2,6,14,2,3,6.39,6.9,Liverpool,Newcastle,1 , 0,2 , 0,20:15,"Wed, 26-Feb-25",14,7,Won (83%),Drew (17%),Won (0%),12,3,9,1,0,1,3,1,0,0,0,0,603,384,4,14,60,34,539,335
164,5,14,50.5,49.5,82,83,4,8,12,19,10,16,4,3,9,5,11,4,6.52,6.75,Brentford,Arsenal,1 , 1,1 , 3,17:30,"Wed, 01-Jan-25",3,10,Won (0%),Drew (17%),Won (83%),5,14,2,11,1,2,2,1,0,0,0,0,501,498,15,20,76,39,409,436
165,19,9,62.8,37.2,89,78,7,5,12,9,9,21,3,6,11,7,8,6,6.63,6.55,Chelsea,Wolves,1 , 1,3 , 1,20:00,"Mon, 20-Jan-25",14,11,Won (33%),Drew (17%),Won (50%),19,9,12,7,7,2,0,0,0,0,0,0,605,357,23,18,51,56,530,280
166,13,11,47.9,52.1,77,80,6,5,14,8,18,20,5,5,11,11,8,6,6.68,6.44,Tottenham,Wolves,2 , 1,2 , 2,15:00,"Sun, 29-Dec-24",5,9,Won (33%),Drew (0%),Won (67%),13,11,6,5,4,6,2,0,1,0,0,0,438,477,17,16,40,68,380,391
167,19,19,58.8,41.2,89,85,16,11,9,6,20,20,3,9,15,8,2,2,6.5,6.85,Liverpool,Bournemouth,3 , 0,3 , 0,15:00,"Sat, 21-Sep-24",20,4,Won (83%),Drew (0%),Won (17%),19,19,17,12,1,6,1,1,0,0,0,0,600,423,8,24,42,45,549,351
168,25,4,75.6,24.4,91,73,17,5,11,7,12,22,16,1,10,8,6,5,6.61,6.29,Aston Villa,Ipswich,0 , 0,1 , 1,15:00,"Sat, 15-Feb-25",11,5,Won (50%),Drew (33%),Won (17%),25,4,14,3,11,1,0,0,0,0,0,0,703,229,32,6,25,46,644,175
169,27,9,59.3,40.7,87,79,10,5,15,18,12,18,10,4,13,8,7,9,6.59,6.7,Everton,Brentford,0 , 0,0 , 0,15:00,"Sat, 23-Nov-24",12,6,Won (67%),Drew (17%),Won (17%),27,9,21,6,5,3,1,0,0,0,0,0,518,357,43,11,50,45,425,299
170,17,13,69.9,30.1,86,69,12,3,12,11,9,23,10,1,14,6,8,8,6.5,6.59,Aston Villa,Crystal Palace,1 , 2,2 , 2,15:00,"Sat, 23-Nov-24",7,12,Won (33%),Drew (17%),Won (50%),17,13,7,8,7,2,2,3,1,0,0,0,642,278,20,15,37,55,583,207
171,26,5,67.6,32.4,88,71,12,7,17,23,15,16,11,3,11,9,2,6,6.51,6.36,Fulham,Brentford,0 , 1,2 , 1,20:00,"Mon, 04-Nov-24",8,13,Won (33%),Drew (17%),Won (50%),26,5,20,5,5,0,1,0,0,0,0,0,691,330,43,6,59,68,585,255
172,15,7,63.7,36.3,88,76,7,12,14,15,20,21,7,6,8,12,4,7,6.64,6.66,Tottenham,Arsenal,0 , 0,0 , 1,14:00,"Sun, 15-Sep-24",9,13,Won (17%),Drew (17%),Won (67%),15,7,13,3,1,3,1,1,0,0,0,0,531,304,31,13,29,47,470,243
173,17,11,58.1,41.9,77,72,10,9,22,32,17,20,6,2,15,9,6,9,6.6,6.59,Crystal Palace,Everton,0 , 1,1 , 2,17:30,"Sat, 15-Feb-25",4,7,Won (0%),Drew (50%),Won (50%),17,11,9,6,6,3,2,2,0,0,0,0,545,392,20,17,58,67,460,307
174,9,12,42.5,57.5,80,88,5,10,6,10,25,12,1,6,8,8,3,2,6.38,6.66,Liverpool,Chelsea,1 , 0,2 , 1,16:30,"Sun, 20-Oct-24",6,2,Won (50%),Drew (50%),Won (0%),9,12,6,10,1,2,1,0,1,0,0,0,422,565,4,17,62,46,354,500
175,14,20,42.2,57.8,77,80,8,12,20,18,16,21,4,6,10,4,8,3,6.23,6.4,Ipswich,Leicester,0 , 0,1 , 1,15:00,"Sat, 02-Nov-24",4,13,Won (17%),Drew (33%),Won (50%),14,20,9,13,5,6,0,1,0,0,0,0,334,458,12,21,42,68,279,367
176,26,9,61.7,38.3,86,76,5,4,20,19,15,17,8,5,6,8,4,5,6.67,6.41,Chelsea,Brentford,1 , 0,2 , 1,19:00,"Sun, 15-Dec-24",5,10,Won (17%),Drew (33%),Won (50%),26,9,17,6,5,2,4,1,0,0,0,0,564,352,34,18,54,53,476,277
177,13,8,30.5,69.5,77,90,7,9,13,13,20,19,2,9,12,9,8,6,6.57,6.48,Brighton,Chelsea,2 , 0,3 , 0,20:00,"Fri, 14-Feb-25",10,15,Won (17%),Drew (0%),Won (83%),13,8,10,6,2,2,1,0,0,0,0,0,334,759,3,18,52,37,279,703
178,9,9,44.7,55.3,80,83,6,9,18,11,17,16,1,3,10,13,7,5,6.81,6.42,Arsenal,Liverpool,2 , 1,2 , 2,16:30,"Sun, 27-Oct-24",10,10,Won (33%),Drew (33%),Won (33%),9,9,6,7,3,1,0,1,0,0,0,0,400,494,14,24,46,61,340,408
179,14,10,44.5,55.5,82,87,7,12,19,22,19,11,2,8,6,12,1,2,6.44,5.99,Nottingham Forest,Southampton,3 , 0,3 , 2,14:00,"Sun, 19-Jan-25",11,10,Won (67%),Drew (0%),Won (33%),14,10,7,3,7,7,0,0,0,0,0,0,407,503,18,24,51,41,338,436
180,12,11,35.4,64.6,83,86,12,13,18,15,23,20,3,8,8,12,6,11,6.56,6.7,Everton,Tottenham,3 , 0,3 , 2,14:00,"Sun, 19-Jan-25",4,16,Won (0%),Drew (33%),Won (67%),13,11,7,9,3,1,2,1,0,0,1,0,350,635,19,19,55,35,276,578
181,22,16,55.7,44.3,88,83,13,2,9,11,13,32,10,5,14,10,11,8,6.68,6.58,Tottenham,Manchester United,1 , 0,1 , 0,16:30,"Sun, 16-Feb-25",13,9,Won (50%),Drew (33%),Won (17%),22,16,13,10,9,5,0,1,0,0,0,0,554,448,31,24,21,55,500,367
182,8,17,39.3,60.7,77,86,6,7,21,21,11,21,5,2,14,7,4,3,6.62,6.7,Leicester,Fulham,0 , 0,0 , 2,15:00,"Sat, 18-Jan-25",10,11,Won (33%),Drew (0%),Won (67%),8,17,7,13,1,4,0,0,0,0,0,0,402,620,17,23,48,67,336,530
183,19,9,58.3,41.7,77,67,7,13,25,12,15,16,9,3,12,10,7,4,6.54,6.63,Bournemouth,Everton,0 , 0,1 , 0,15:00,"Sat, 04-Jan-25",12,8,Won (67%),Drew (0%),Won (33%),19,9,13,6,6,3,0,0,0,0,0,0,479,342,34,13,61,82,382,247
184,10,6,36.8,63.2,70,83,4,8,20,22,19,18,2,3,8,12,8,2,6.56,6.86,Everton,Liverpool,1 , 1,2 , 2,19:30,"Wed, 12-Feb-25",3,10,Won (17%),Drew (17%),Won (67%),10,6,6,4,2,0,2,2,0,0,0,0,329,562,16,10,70,65,242,486
185,10,13,29.6,70.4,73,88,9,10,12,13,21,11,2,7,7,11,3,7,6.42,6.63,Nottingham Forest,Tottenham,1 , 0,1 , 0,15:00,"Thu, 26-Dec-24",5,13,Won (17%),Drew (0%),Won (83%),10,13,5,8,1,4,4,1,0,0,0,0,275,644,6,18,54,24,214,601
186,23,9,53,47,87,84,8,11,10,16,19,15,5,5,7,13,1,3,6.43,6.08,West Ham,Ipswich,2 , 1,4 , 1,15:00,"Sat, 05-Oct-24",10,11,Won (50%),Drew (17%),Won (33%),23,9,18,6,3,3,2,0,0,0,0,0,515,455,11,15,57,44,445,395
187,10,14,52.1,47.9,87,88,3,8,14,5,18,11,6,11,8,12,3,6,6.43,6.58,Fulham,Aston Villa,1 , 1,1 , 3,15:00,"Sat, 19-Oct-24",6,11,Won (17%),Drew (0%),Won (83%),10,15,5,7,4,7,0,0,1,0,0,1,469,431,30,19,46,24,393,383
188,13,17,57.1,42.9,82,73,13,6,20,15,20,28,7,6,16,6,3,2,6.9,6.1,Newcastle,Nottingham Forest,4 , 1,4 , 3,14:00,"Sun, 23-Feb-25",12,8,Won (83%),Drew (0%),Won (17%),13,17,6,9,4,8,2,0,1,0,0,0,490,367,18,20,42,49,430,296
189,11,12,46,54,80,84,10,15,8,17,22,20,4,8,9,13,7,2,6.33,6.71,Manchester United,Chelsea,0 , 0,1 , 1,16:30,"Sun, 03-Nov-24",12,9,Won (33%),Drew (50%),Won (17%),11,12,7,6,2,5,1,1,1,0,0,0,429,499,13,19,48,39,366,439
190,10,12,52.8,47.2,87,86,4,6,10,9,26,19,2,3,9,13,5,7,6.5,6.49,Manchester United,Newcastle,0 , 2,0 , 2,20:00,"Mon, 30-Dec-24",5,8,Won (33%),Drew (17%),Won (50%),10,12,7,9,3,2,0,1,0,0,0,0,601,540,11,12,53,55,537,470
191,26,7,56.9,43.1,83,78,14,5,15,12,11,16,9,3,2,4,5,8,6.5,6.5,Chelsea,Bournemouth,1 , 0,2 , 2,19:30,"Tue, 14-Jan-25",10,3,Won (83%),Drew (17%),Won (0%),26,7,14,4,10,2,2,0,0,1,0,0,448,339,16,12,54,54,374,273
192,12,12,31.8,68.2,77,88,6,5,6,12,18,14,6,8,11,12,4,7,6.56,6.62,Crystal Palace,Manchester City,1 , 1,2 , 2,15:00,"Sat, 07-Dec-24",8,11,Won (17%),Drew (33%),Won (50%),12,12,5,9,4,2,3,1,0,0,0,0,350,745,13,16,59,45,276,682
193,18,10,52.4,47.6,82,78,4,10,15,19,22,27,5,2,16,11,5,6,6.53,6.74,Bournemouth,Crystal Palace,0 , 0,0 , 0,15:00,"Thu, 26-Dec-24",3,6,Won (33%),Drew (17%),Won (50%),18,10,11,7,6,3,1,0,0,0,0,0,490,445,27,11,58,61,404,372
194,3,19,22.2,77.8,65,89,1,6,7,9,16,13,3,12,8,9,7,4,6.44,6.2,Newcastle,Southampton,1 , 0,1 , 0,15:00,"Sat, 17-Aug-24",14,6,Won (83%),Drew (17%),Won (0%),3,19,1,14,2,4,0,1,0,0,0,0,196,684,12,30,40,26,144,627
195,7,12,53.5,46.5,82,81,11,4,18,10,11,19,2,4,10,7,5,4,6.54,6.66,West Ham,Crystal Palace,0 , 0,0 , 2,15:00,"Sat, 18-Jan-25",10,15,Won (17%),Drew (17%),Won (67%),7,12,4,8,3,3,0,0,0,1,0,0,566,492,13,18,46,46,506,420
196,19,17,44,56,78,79,5,2,22,20,16,17,10,3,9,7,8,7,6.59,6.34,Brentford,Wolves,4 , 2,5 , 3,15:00,"Sat, 05-Oct-24",7,11,Won (17%),Drew (33%),Won (50%),19,17,7,14,9,3,2,0,1,0,0,0,399,502,27,20,59,66,311,416
197,18,9,53,47,85,82,9,8,17,13,18,19,8,2,9,10,3,6,6.48,6.71,Arsenal,Wolves,1 , 0,2 , 0,15:00,"Sat, 17-Aug-24",14,2,Won (100%),Drew (0%),Won (0%),18,9,13,8,5,1,0,0,0,0,0,0,440,391,15,14,37,48,388,328
198,9,13,54.4,45.6,83,80,9,4,31,15,18,15,4,7,9,13,6,5,6.28,6.48,Ipswich,Crystal Palace,0 , 0,0 , 1,19:30,"Tue, 03-Dec-24",7,13,Won (17%),Drew (17%),Won (67%),9,13,5,8,3,4,1,1,0,0,0,0,550,461,21,18,68,73,459,369
199,20,11,64.9,35.1,84,72,5,3,26,14,8,13,5,5,4,5,6,5,6.35,6.18,Brentford,Ipswich,2 , 2,4 , 3,15:00,"Sat, 26-Oct-24",7,4,Won (50%),Drew (33%),Won (17%),20,11,14,7,5,4,0,0,1,0,0,0,587,317,26,19,48,54,512,242
200,13,12,59.9,40.1,86,76,9,6,23,16,15,11,6,5,7,5,8,2,6.53,6.56,Brentford,Aston Villa,0 , 0,0 , 1,17:30,"Sat, 08-Mar-25",9,16,Won (0%),Drew (50%),Won (50%),13,12,5,5,8,4,0,3,0,0,0,0,493,332,27,12,47,45,418,274
201,22,5,56.9,43.1,93,91,9,6,6,8,12,14,12,1,12,3,6,5,6.69,6.09,Manchester City,Southampton,1 , 0,1 , 0,15:00,"Sat, 26-Oct-24",13,5,Won (50%),Drew (33%),Won (17%),22,5,14,4,6,1,2,0,0,0,0,0,648,492,29,2,22,27,595,462
202,19,4,68.5,31.5,91,76,5,1,11,16,18,13,14,1,9,9,2,4,6.57,6.62,Liverpool,Leicester,1 , 1,3 , 1,20:00,"Thu, 26-Dec-24",14,3,Won (83%),Drew (0%),Won (17%),19,4,13,2,3,2,3,0,0,0,0,0,706,325,50,6,34,60,619,257
203,7,10,64.4,35.6,85,78,11,4,17,20,17,20,9,5,10,7,8,4,6.5,6.6,Brentford,Nottingham Forest,0 , 1,0 , 2,15:00,"Sat, 21-Dec-24",12,8,Won (50%),Drew (50%),Won (0%),7,10,3,6,4,2,0,2,0,0,0,0,575,320,38,14,44,52,489,253
204,11,12,45.8,54.2,76,85,6,9,18,21,26,18,8,4,5,14,3,8,6.36,6.59,West Ham,Brighton,0 , 0,1 , 1,15:00,"Sat, 21-Dec-24",5,11,Won (17%),Drew (33%),Won (50%),11,12,6,9,4,3,1,0,0,0,0,0,397,465,14,22,72,43,309,397
205,12,7,44.7,55.3,77,79,7,8,17,17,20,16,8,7,7,10,5,7,6.72,6.32,Nottingham Forest,Ipswich,0 , 0,1 , 0,15:00,"Sat, 30-Nov-24",12,6,Won (67%),Drew (17%),Won (17%),12,7,7,5,4,2,0,0,1,0,0,0,335,412,20,16,38,42,272,354
206,24,8,55.5,44.5,88,85,5,7,16,15,8,10,8,4,4,3,3,4,6.71,6.7,Fulham,Nottingham Forest,1 , 1,2 , 1,15:00,"Sat, 15-Feb-25",12,6,Won (67%),Drew (0%),Won (33%),24,8,17,6,7,2,0,0,0,0,0,0,538,431,33,18,52,50,453,363
207,24,8,58.1,41.9,82,75,8,6,19,11,17,18,5,3,8,6,8,9,6.59,6.48,Brighton,Brentford,0 , 0,0 , 0,19:30,"Fri, 27-Dec-24",7,7,Won (33%),Drew (33%),Won (33%),24,8,18,5,6,2,0,1,0,0,0,0,515,376,19,9,52,67,444,299
208,5,23,64.6,35.4,91,84,7,7,4,11,18,24,4,10,12,7,4,1,6.2,6.25,Southampton,Nottingham Forest,0 , 0,0 , 1,15:00,"Sat, 24-Aug-24",10,12,Won (33%),Drew (0%),Won (67%),5,23,4,9,1,10,0,4,0,0,0,0,678,372,14,19,25,49,639,303
209,11,22,35.8,64.2,74,86,8,10,14,19,17,18,3,7,11,5,3,4,6.4,6.33,Arsenal,Brighton,1 , 0,1 , 1,12:30,"Sat, 31-Aug-24",11,10,Won (50%),Drew (0%),Won (50%),11,22,5,18,2,4,4,0,0,0,0,0,283,504,7,26,54,42,217,435
210,13,11,55.3,44.7,87,79,7,9,12,11,13,18,5,8,7,7,6,7,6.21,6.47,Ipswich,Everton,0 , 2,0 , 2,15:15,"Sat, 19-Oct-24",7,1,Won (75%),Drew (25%),Won (0%),13,11,7,7,6,4,0,0,0,0,0,0,521,420,27,13,48,69,444,337
211,12,8,40.9,59.1,84,87,6,4,13,8,12,13,5,4,6,7,4,6,6.97,6.5,Arsenal,Chelsea,1 , 0,1 , 0,13:30,"Sun, 16-Mar-25",16,4,Won (67%),Drew (33%),Won (0%),12,8,9,7,3,0,0,1,0,0,0,0,370,533,15,13,35,49,320,469
212,2,12,33.8,66.2,72,89,5,8,6,10,27,9,0,6,6,13,4,4,6.31,6.66,Fulham,Arsenal,1 , 0,1 , 1,14:00,"Sun, 08-Dec-24",6,12,Won (17%),Drew (33%),Won (50%),2,12,1,6,0,6,1,0,0,0,0,0,319,627,10,33,59,37,247,553
213,8,14,47.8,52.2,82,84,5,9,10,22,11,10,5,6,5,7,3,6,6.54,6.42,Leicester,Brentford,0 , 3,0 , 4,20:00,"Fri, 21-Feb-25",11,10,Won (50%),Drew (33%),Won (17%),8,14,6,9,0,4,2,1,0,0,0,0,410,448,27,20,37,53,345,373
214,21,6,68.6,31.4,86,70,10,8,17,19,19,25,9,2,10,8,7,5,6.49,6.15,Brighton,Ipswich,0 , 0,0 , 0,15:00,"Sat, 14-Sep-24",7,8,Won (33%),Drew (33%),Won (33%),21,6,13,0,7,3,1,3,0,0,0,0,603,278,29,6,38,47,531,221
215,21,11,54.5,45.5,80,77,12,9,21,10,30,18,3,2,9,24,0,3,,6.46,Fulham,West Ham,1 , 0,1 , 1,15:00,"Sat, 14-Sep-24",9,5,Won (33%),Drew (33%),Won (33%),21,11,16,5,4,6,1,0,0,0,0,0,423,353,22,16,55,48,345,289
216,17,10,64.1,35.9,90,84,8,5,5,7,17,16,3,4,9,8,1,2,6.61,6.52,Chelsea,Aston Villa,2 , 0,3 , 0,13:30,"Sun, 01-Dec-24",5,7,Won (17%),Drew (33%),Won (50%),17,10,12,5,3,5,2,0,0,0,0,0,647,362,12,7,42,38,589,312
217,23,8,50.4,49.6,84,85,5,12,23,18,25,15,9,2,8,13,9,8,6.47,6.63,Manchester United,Brentford,0 , 1,2 , 1,15:00,"Sat, 19-Oct-24",10,7,Won (67%),Drew (17%),Won (17%),23,8,18,4,3,4,2,0,0,0,0,0,512,506,19,13,62,45,430,446
218,14,5,50.3,49.7,87,87,7,8,12,9,15,19,13,0,9,9,7,6,6.87,6.49,Arsenal,Manchester United,0 , 0,2 , 0,20:15,"Wed, 04-Dec-24",10,9,Won (50%),Drew (0%),Won (50%),14,5,6,1,8,4,0,0,0,0,0,0,492,486,23,6,44,53,422,427
219,9,10,57.6,42.4,89,83,6,13,9,10,22,17,1,4,10,15,2,3,6.32,6.68,Leicester,Aston Villa,0 , 1,1 , 2,15:00,"Sat, 31-Aug-24",8,8,Won (33%),Drew (17%),Won (50%),9,10,7,7,2,2,0,1,0,0,0,0,539,396,18,10,36,39,484,344
220,17,10,58.7,41.3,81,71,6,7,21,22,16,18,4,3,8,6,4,8,6.34,6.34,Bournemouth,Brentford,1 , 1,1 , 2,17:30,"Sat, 15-Mar-25",6,12,Won (0%),Drew (33%),Won (67%),18,10,16,4,1,6,0,0,0,0,1,0,519,364,24,11,64,69,430,282
221,9,17,52.3,47.7,84,84,13,7,12,13,22,16,6,8,7,8,7,2,6.53,6.74,Aston Villa,Liverpool,2 , 1,2 , 2,19:30,"Wed, 19-Feb-25",6,14,Won (0%),Drew (33%),Won (67%),9,17,5,14,4,2,0,1,0,0,0,0,474,432,19,20,27,43,427,363
222,12,14,48.5,51.5,84,88,15,12,8,13,23,14,4,7,6,15,6,6,6.59,6.34,Wolves,Newcastle,1 , 0,1 , 2,16:30,"Sun, 15-Sep-24",6,10,Won (17%),Drew (33%),Won (50%),12,14,8,9,2,4,2,1,0,0,0,0,462,489,21,13,55,34,382,441
223,13,11,60.8,39.2,85,79,4,4,12,16,13,18,5,3,9,6,9,4,6.62,6.67,Wolves,Nottingham Forest,0 , 2,0 , 3,20:00,"Mon, 06-Jan-25",7,6,Won (17%),Drew (67%),Won (17%),13,11,8,5,4,4,1,2,0,0,0,0,582,378,30,10,36,51,514,315
224,8,19,57.2,42.8,80,79,4,10,18,17,25,17,7,7,8,17,8,2,6.59,6.42,Brentford,West Ham,1 , 0,1 , 1,15:00,"Sat, 28-Sep-24",11,7,Won (67%),Drew (0%),Won (33%),8,19,6,13,2,5,0,1,0,0,0,0,560,421,28,16,57,65,475,337
225,9,14,30.9,69.1,80,90,7,13,10,8,17,18,3,2,13,12,1,5,,6.47,Nottingham Forest,Manchester City,0 , 0,1 , 0,12:30,"Sat, 08-Mar-25",4,14,Won (17%),Drew (17%),Won (67%),9,14,5,10,2,4,2,0,0,0,0,0,284,635,18,17,46,25,219,592
226,15,15,41.1,58.9,77,86,15,11,7,12,22,16,8,2,4,8,2,6,6.52,6.52,Chelsea,Brighton,4 , 2,4 , 2,15:00,"Sat, 28-Sep-24",12,12,Won (67%),Drew (0%),Won (33%),15,15,11,12,3,3,0,0,1,0,0,0,403,572,11,17,45,37,341,517
227,9,9,51.4,48.6,81,81,7,11,16,13,15,12,3,4,5,8,5,5,6.4,6.83,West Ham,Newcastle,0 , 0,0 , 1,20:00,"Mon, 10-Mar-25",10,13,Won (17%),Drew (50%),Won (33%),9,9,8,8,1,1,0,0,0,0,0,0,489,462,21,21,58,48,408,392
228,14,12,62.4,37.6,88,82,9,11,6,6,12,16,2,9,10,9,4,2,6.47,6.58,Liverpool,Aston Villa,1 , 0,2 , 0,20:00,"Sat, 09-Nov-24",13,6,Won (67%),Drew (33%),Won (0%),14,12,5,6,4,6,5,0,0,0,0,0,631,380,8,23,41,35,581,321
229,15,14,41.6,58.4,81,87,4,8,13,19,25,14,3,3,11,11,6,5,6.76,6.59,Crystal Palace,Arsenal,1 , 3,1 , 5,17:30,"Sat, 21-Dec-24",6,15,Won (17%),Drew (0%),Won (83%),15,14,13,9,2,4,0,1,0,0,0,0,408,572,14,17,44,39,349,515
230,5,11,46.3,53.7,83,85,5,10,13,16,13,14,1,9,6,11,5,10,6.34,6.52,Ipswich,Brighton,0 , 0,0 , 2,19:30,"Thu, 16-Jan-25",6,7,Won (17%),Drew (50%),Won (33%),5,11,4,8,1,3,0,0,0,0,0,0,424,492,9,22,40,46,375,422
231,9,10,53,47,88,86,9,7,7,10,15,23,6,5,12,7,3,7,6.68,6.56,Aston Villa,Wolves,0 , 1,3 , 1,15:00,"Sat, 21-Sep-24",7,8,Won (17%),Drew (33%),Won (50%),9,10,4,5,5,5,0,0,0,0,0,0,469,420,17,11,21,48,429,361
232,10,16,49.6,50.4,82,85,4,10,8,10,16,15,4,3,7,3,2,6,6.57,6.39,Liverpool,Wolves,2 , 0,2 , 1,14:00,"Sun, 16-Feb-25",10,5,Won (83%),Drew (0%),Won (17%),10,16,3,11,3,4,3,1,1,0,0,0,468,474,13,10,51,42,402,416
233,16,8,66.3,33.7,92,81,23,6,4,4,5,22,7,5,9,3,5,3,6.69,6.57,Manchester City,Liverpool,0 , 2,0 , 2,16:30,"Sun, 23-Feb-25",9,8,Won (33%),Drew (33%),Won (33%),16,8,14,5,2,3,0,0,0,0,0,0,684,350,22,7,29,46,630,296
234,17,8,66.3,33.7,84,68,11,13,16,13,13,17,12,2,7,10,7,6,6.53,6.31,Tottenham,Ipswich,0 , 2,1 , 2,14:00,"Sun, 10-Nov-24",8,8,Won (40%),Drew (0%),Won (60%),17,8,8,4,7,2,2,2,0,0,0,0,587,299,33,8,41,63,512,227
235,13,6,48.7,51.3,80,79,17,7,12,17,16,17,7,4,6,10,1,10,6.77,6.82,Bournemouth,Arsenal,0 , 0,2 , 0,17:30,"Sat, 19-Oct-24",4,16,Won (0%),Drew (0%),Won (100%),13,6,8,4,4,2,0,0,1,0,0,0,435,458,25,15,49,52,359,390
236,11,14,44.7,55.3,79,83,15,10,22,14,27,16,4,6,9,13,5,8,6.12,6.44,Southampton,Bournemouth,0 , 2,1 , 3,15:00,"Sat, 15-Feb-25",9,7,Won (50%),Drew (0%),Won (50%),11,14,6,10,4,2,1,2,0,0,0,0,407,504,20,18,43,59,343,425
237,4,21,43.9,56.1,83,85,10,4,15,16,13,13,0,3,10,9,6,4,6.54,6.66,West Ham,Fulham,2 , 0,3 , 2,19:30,"Tue, 14-Jan-25",6,10,Won (33%),Drew (33%),Won (33%),4,21,4,15,0,4,0,2,0,0,0,0,434,548,5,24,59,56,369,468
238,18,8,43.8,56.2,84,88,5,13,7,5,22,17,7,4,8,12,6,5,6.56,6.8,Liverpool,Manchester City,1 , 0,2 , 0,16:00,"Sun, 01-Dec-24",9,10,Won (33%),Drew (33%),Won (33%),18,8,10,8,5,0,2,0,1,0,0,0,438,560,14,9,60,32,362,517
239,9,6,53.3,46.7,86,85,6,12,19,13,18,22,3,7,10,9,9,5,6.63,6.69,Brighton,Fulham,1 , 1,2 , 1,15:00,"Sat, 08-Mar-25",3,10,Won (0%),Drew (33%),Won (67%),9,6,7,3,1,2,0,1,1,0,0,0,534,466,13,22,39,52,481,392
240,11,12,43.9,56.1,86,92,6,8,2,2,22,6,5,4,3,13,3,4,6.56,6.53,Aston Villa,Manchester City,1 , 0,2 , 1,12:30,"Sat, 21-Dec-24",7,13,Won (17%),Drew (17%),Won (67%),11,12,8,12,3,0,0,0,0,0,0,0,438,556,6,14,37,31,388,511
241,15,10,57,43,86,83,9,11,7,8,13,12,2,4,5,5,5,6,6.72,6.57,Manchester City,Chelsea,1 , 1,3 , 1,17:30,"Sat, 25-Jan-25",13,7,Won (67%),Drew (33%),Won (0%),15,10,10,7,4,2,1,1,0,0,0,0,583,438,5,9,52,64,522,363
242,17,6,72.9,27.1,91,76,6,7,9,11,20,24,6,2,16,8,7,5,6.45,6.44,Aston Villa,Everton,1 , 2,3 , 2,17:30,"Sat, 14-Sep-24",10,3,Won (67%),Drew (17%),Won (17%),17,6,12,3,4,3,1,0,0,0,0,0,691,259,21,12,35,48,630,198
243,10,5,59.1,40.9,89,86,18,4,12,14,14,27,5,1,15,7,6,6,6.23,6.95,Southampton,Wolves,0 , 1,1 , 2,15:00,"Sat, 15-Mar-25",3,11,Won (0%),Drew (0%),Won (100%),10,5,7,5,3,0,0,0,0,0,0,0,619,428,18,11,40,38,561,377
244,16,3,70.4,29.6,90,77,16,8,11,5,16,22,3,4,15,8,3,3,6.62,6.3,Liverpool,Ipswich,3 , 0,4 , 1,15:00,"Sat, 25-Jan-25",15,3,Won (67%),Drew (17%),Won (17%),16,3,14,1,2,2,0,0,0,0,0,0,772,326,24,9,34,47,713,270
245,10,10,62.2,37.8,83,76,3,9,16,10,15,25,7,7,13,10,4,3,6.7,6.34,Fulham,Crystal Palace,0 , 1,0 , 2,15:00,"Sat, 22-Feb-25",8,3,Won (33%),Drew (67%),Won (0%),10,11,4,4,6,4,0,2,0,0,0,1,571,350,27,10,64,52,480,285
246,13,17,36.1,63.9,77,85,6,10,13,17,19,16,1,8,10,13,10,1,6.65,6.66,Crystal Palace,Fulham,0 , 1,0 , 2,15:00,"Sat, 09-Nov-24",5,7,Won (17%),Drew (67%),Won (17%),13,17,9,12,3,3,1,2,0,0,0,0,370,656,12,20,55,53,301,578
247,15,12,60.6,39.4,84,74,6,10,19,19,10,26,6,4,16,6,11,4,6.69,6.62,Tottenham,Leicester,1 , 0,1 , 2,14:00,"Sun, 26-Jan-25",18,12,Won (67%),Drew (17%),Won (17%),15,12,8,10,6,1,1,1,0,0,0,0,579,375,34,16,44,67,500,292
248,11,15,47.8,52.2,82,82,3,9,14,13,7,20,4,7,13,5,3,3,6.22,6.71,Newcastle,Fulham,1 , 0,1 , 2,15:00,"Sat, 01-Feb-25",12,4,Won (83%),Drew (0%),Won (17%),11,15,5,9,4,4,2,2,0,0,0,0,433,468,17,32,52,60,363,376
249,35,5,74.6,25.4,89,74,18,4,18,15,19,24,17,0,14,8,7,2,6.56,6.32,Arsenal,Leicester,2 , 0,4 , 2,15:00,"Sat, 28-Sep-24",12,4,Won (83%),Drew (0%),Won (17%),36,5,20,3,13,1,2,1,0,0,1,0,704,241,38,4,33,45,633,192
250,11,14,53.6,46.4,93,91,9,5,5,6,14,10,4,4,4,7,8,8,6.52,6.49,Leicester,Manchester City,0 , 1,0 , 2,14:30,"Sun, 29-Dec-24",5,13,Won (17%),Drew (0%),Won (83%),11,14,9,10,2,2,0,2,0,0,0,0,604,522,19,11,31,25,554,486
251,12,17,60.9,39.1,82,76,7,7,14,14,12,29,3,6,15,6,5,6,6.75,6.51,Tottenham,Bournemouth,0 , 1,2 , 2,14:00,"Sun, 09-Mar-25",10,7,Won (50%),Drew (17%),Won (33%),12,17,8,8,3,6,0,3,1,0,0,0,551,357,16,14,38,60,496,281
252,6,11,39.7,60.3,72,86,9,14,12,15,23,15,3,7,9,15,5,6,6.52,6.87,Leicester,Arsenal,0 , 0,0 , 2,12:30,"Sat, 15-Feb-25",5,16,Won (0%),Drew (0%),Won (100%),6,11,6,8,0,1,0,2,0,0,0,0,340,519,16,18,55,34,269,461
253,12,14,39.6,60.4,79,86,8,9,8,5,19,14,5,5,6,10,2,6,,7.01,Wolves,Chelsea,2 , 2,2 , 6,14:00,"Sun, 25-Aug-24",9,8,Won (50%),Drew (33%),Won (17%),12,14,6,9,4,2,2,3,0,0,0,0,338,512,13,11,41,43,282,457
254,14,10,55.4,44.6,85,80,8,8,19,16,21,24,7,8,13,9,6,0,6.32,,Manchester United,Fulham,0 , 0,1 , 0,20:00,"Fri, 16-Aug-24",10,6,Won (67%),Drew (17%),Won (17%),14,10,10,5,3,5,1,0,0,0,0,0,509,409,18,21,42,40,448,346
255,13,10,53.9,46.1,85,80,6,10,20,24,15,17,6,5,15,10,5,4,6.73,6.36,Everton,West Ham,0 , 0,1 , 1,15:00,"Sat, 15-Mar-25",4,7,Won (33%),Drew (17%),Won (50%),13,10,8,3,5,4,0,3,0,0,0,0,529,452,34,15,54,49,441,388
256,9,10,36.1,63.9,69,86,6,3,19,14,23,17,4,6,14,13,6,6,6.71,6.61,Newcastle,Arsenal,1 , 0,1 , 0,12:30,"Sat, 02-Nov-24",4,8,Won (33%),Drew (17%),Won (50%),9,10,8,7,1,3,0,0,0,0,0,0,303,537,13,27,59,36,230,472
257,16,3,68.9,31.1,87,75,8,5,20,25,23,26,9,1,15,13,7,6,6.44,6.56,Brighton,Everton,0 , 1,0 , 1,15:00,"Sat, 25-Jan-25",13,10,Won (50%),Drew (33%),Won (17%),16,3,14,1,2,1,0,0,0,1,0,0,674,304,30,4,49,63,595,237
258,20,9,49.2,50.8,86,85,9,5,12,17,16,14,10,5,6,8,3,6,6.53,6.39,Aston Villa,Brentford,3 , 0,3 , 1,20:15,"Wed, 04-Dec-24",14,10,Won (33%),Drew (50%),Won (17%),20,9,13,7,5,2,1,0,1,0,0,0,414,428,24,21,40,44,347,360
259,14,19,49.4,50.6,79,82,12,6,6,7,19,18,3,3,6,13,9,3,6.44,6.62,Bournemouth,Liverpool,0 , 1,0 , 2,15:00,"Sat, 01-Feb-25",3,21,Won (17%),Drew (0%),Won (83%),14,19,12,13,1,4,1,1,0,1,0,0,435,443,17,13,56,55,361,375
260,16,11,51.7,48.3,80,78,8,8,14,16,17,23,7,3,15,11,1,2,6.25,,Nottingham Forest,Wolves,1 , 1,1 , 1,15:00,"Sat, 31-Aug-24",5,10,Won (17%),Drew (50%),Won (33%),16,11,8,9,6,2,2,0,0,0,0,0,395,366,23,7,57,50,315,306
261,13,10,70.5,29.5,89,75,7,5,11,14,22,29,12,5,16,6,3,7,6.76,6.61,Tottenham,Everton,2 , 0,4 , 0,15:00,"Sat, 24-Aug-24",12,4,Won (50%),Drew (50%),Won (0%),13,10,6,2,6,7,1,1,0,0,0,0,639,272,20,15,31,54,585,201
262,12,18,42.5,57.5,81,84,10,7,13,15,11,19,6,5,13,4,2,8,6.64,6.36,West Ham,Manchester United,0 , 0,2 , 1,14:00,"Sun, 27-Oct-24",4,8,Won (33%),Drew (0%),Won (67%),12,18,6,10,3,5,2,3,1,0,0,0,422,571,23,24,43,46,354,495
263,6,19,44.1,55.9,76,82,6,9,21,17,14,22,0,9,11,10,3,1,6.34,6.77,Leicester,Bournemouth,1 , 0,1 , 0,15:00,"Sat, 05-Oct-24",8,8,Won (50%),Drew (0%),Won (50%),6,19,6,13,0,6,0,0,0,0,0,0,378,477,6,30,72,43,296,403
264,14,11,48.2,51.8,85,87,10,10,9,6,17,19,4,4,5,8,7,6,6.48,6.25,Brighton,Manchester United,1 , 0,2 , 1,12:30,"Sat, 24-Aug-24",10,4,Won (67%),Drew (0%),Won (33%),14,11,8,9,5,2,1,0,0,0,0,0,495,538,12,13,45,43,436,478
265,6,20,44.2,55.8,88,91,4,14,4,7,21,22,0,7,9,14,2,7,6.33,6.37,Southampton,Manchester United,0 , 2,0 , 3,12:30,"Sat, 14-Sep-24",4,15,Won (0%),Drew (50%),Won (50%),6,20,3,13,2,5,0,2,1,0,0,0,494,623,7,9,32,31,454,578
266,22,16,38.6,61.4,82,90,4,7,6,16,19,9,6,0,2,14,1,5,6.36,6.63,Fulham,Newcastle,2 , 0,3 , 1,15:00,"Sat, 21-Sep-24",1,13,Won (0%),Drew (0%),Won (100%),22,16,14,10,6,5,2,1,0,0,0,0,365,586,17,12,40,36,305,532
267,13,11,63.7,36.3,81,68,12,4,27,22,16,18,5,4,10,13,4,3,6.8,6.45,Everton,Nottingham Forest,0 , 1,0 , 2,15:00,"Sun, 29-Dec-24",7,4,Won (40%),Drew (60%),Won (0%),13,11,10,7,3,0,0,4,0,0,0,0,528,302,34,8,74,70,419,220
268,17,16,41.3,58.7,79,88,12,7,9,9,14,23,5,6,14,5,4,6,6.9,6.56,Newcastle,Liverpool,1 , 0,3 , 3,19:30,"Wed, 04-Dec-24",5,14,Won (0%),Drew (0%),Won (100%),17,16,9,14,4,2,4,0,0,0,0,0,382,538,16,15,38,42,324,479
269,11,9,44.9,55.1,86,88,12,7,13,13,11,14,2,5,5,5,7,6,6.59,6.82,Brighton,Arsenal,0 , 1,1 , 1,17:30,"Sat, 04-Jan-25",9,11,Won (33%),Drew (17%),Won (50%),11,9,7,6,3,3,0,0,1,0,0,0,442,545,10,16,39,46,391,480
270,12,14,47.1,52.9,83,86,8,14,7,11,12,9,3,1,4,7,5,6,6.48,6.56,Chelsea,Fulham,1 , 0,1 , 2,15:00,"Thu, 26-Dec-24",8,2,Won (67%),Drew (17%),Won (17%),12,14,7,10,4,2,1,2,0,0,0,0,531,595,15,20,45,53,467,520
271,6,13,34.9,65.1,74,87,5,12,14,16,18,14,3,11,10,7,1,7,,6.82,Nottingham Forest,Arsenal,0 , 0,0 , 0,19:30,"Wed, 26-Feb-25",4,12,Won (33%),Drew (0%),Won (67%),6,13,4,8,2,5,0,0,0,0,0,0,287,535,18,27,47,27,221,480
272,22,14,67.9,32.1,86,74,5,5,20,13,23,14,4,3,7,10,4,6,6.45,6.54,Chelsea,West Ham,0 , 1,2 , 1,20:00,"Mon, 03-Feb-25",13,5,Won (67%),Drew (17%),Won (17%),23,14,14,7,6,6,2,1,0,0,1,0,624,296,22,14,35,60,566,221
273,7,27,37.8,62.2,83,89,9,10,4,3,15,16,3,10,3,11,5,6,6.37,6.68,Southampton,Liverpool,1 , 1,2 , 3,14:00,"Sun, 24-Nov-24",6,18,Won (0%),Drew (17%),Won (83%),7,27,2,16,3,6,1,4,1,1,0,0,383,632,8,30,29,38,345,563
274,16,18,51,49,80,75,11,8,9,20,22,11,3,9,8,16,10,2,6.5,6.7,Bournemouth,Nottingham Forest,1 , 0,5 , 0,15:00,"Sat, 25-Jan-25",10,7,Won (50%),Drew (50%),Won (0%),16,18,10,8,2,10,4,0,0,0,0,0,381,366,17,23,63,41,301,298
275,16,13,48.8,51.2,83,87,8,8,10,8,28,18,10,7,10,11,4,7,6.47,6.6,Liverpool,Brighton,0 , 1,2 , 1,15:00,"Sat, 02-Nov-24",11,13,Won (33%),Drew (33%),Won (33%),16,13,11,6,4,5,1,2,0,0,0,0,466,487,18,15,43,46,405,423
276,20,5,67.8,32.2,89,78,7,6,17,20,12,12,2,0,8,7,5,4,6.94,6.36,Arsenal,West Ham,0 , 1,0 , 1,15:00,"Sat, 22-Feb-25",17,10,Won (50%),Drew (17%),Won (33%),20,5,13,2,7,1,0,2,0,0,0,0,678,323,30,8,25,61,623,253
277,9,4,50.9,49.1,83,84,4,3,14,16,16,18,3,0,8,9,2,4,6.73,6.32,Fulham,Manchester United,0 , 0,0 , 1,19:00,"Sun, 26-Jan-25",5,10,Won (17%),Drew (0%),Won (83%),9,4,6,2,2,2,1,0,0,0,0,0,522,503,23,7,46,53,452,443
278,23,10,60,40,80,75,9,7,13,10,19,25,13,1,10,10,4,5,6.38,6.53,Manchester United,Bournemouth,0 , 1,0 , 3,14:00,"Sun, 22-Dec-24",11,8,Won (50%),Drew (17%),Won (33%),23,10,13,7,10,1,0,1,0,1,0,0,518,348,21,8,58,55,436,281
279,22,11,57,43,87,81,7,15,9,7,25,33,13,5,15,10,4,1,6.6,6.43,Tottenham,West Ham,1 , 1,4 , 1,12:30,"Sat, 19-Oct-24",10,8,Won (33%),Drew (33%),Won (33%),23,11,16,9,4,2,2,0,0,0,1,0,509,383,28,12,28,64,452,307
280,17,11,71.3,28.7,88,65,7,8,14,17,13,16,5,3,10,5,3,2,6.4,6.35,Manchester United,Nottingham Forest,1 , 1,2 , 3,17:30,"Sat, 07-Dec-24",12,4,Won (83%),Drew (0%),Won (17%),17,11,11,6,4,5,2,0,0,0,0,0,625,252,23,7,38,46,562,199
281,19,7,66.1,33.9,91,81,8,4,11,14,15,16,8,1,6,9,7,3,6.78,6.57,Arsenal,Nottingham Forest,1 , 0,3 , 0,15:00,"Sat, 23-Nov-24",14,4,Won (67%),Drew (0%),Won (33%),19,7,15,2,4,5,0,0,0,0,0,0,616,316,19,18,35,43,562,254
282,10,10,59.2,40.8,85,83,8,10,6,7,23,17,7,2,11,12,1,6,6.02,6.28,Fulham,Wolves,1 , 1,1 , 4,15:00,"Sat, 23-Nov-24",5,7,Won (17%),Drew (33%),Won (50%),10,10,7,9,3,0,0,1,0,0,0,0,582,401,28,6,44,53,508,341
283,9,18,41.6,58.4,87,91,2,13,9,4,15,14,2,5,11,6,6,8,6.17,6.68,Southampton,Tottenham,0 , 5,0 , 5,19:00,"Sun, 15-Dec-24",11,17,Won (17%),Drew (33%),Won (50%),9,18,8,9,1,7,0,2,0,0,0,0,445,621,13,15,35,31,395,572
284,9,10,38.2,61.8,77,86,5,6,18,13,23,21,1,5,10,11,6,6,6.54,6.42,Everton,Brighton,0 , 1,0 , 3,15:00,"Sat, 17-Aug-24",12,10,Won (33%),Drew (33%),Won (33%),9,10,8,6,1,2,0,2,0,0,0,0,372,591,17,14,85,43,270,533
285,6,23,29,71,68,85,6,4,10,18,20,10,0,9,3,7,1,2,6.44,6.56,Nottingham Forest,Liverpool,1 , 0,1 , 1,20:00,"Tue, 14-Jan-25",4,8,Won (33%),Drew (0%),Won (67%),6,23,4,18,1,4,1,1,0,0,0,0,247,600,9,29,63,46,173,525
286,16,12,61.3,38.7,89,82,12,7,14,9,15,15,5,4,5,6,6,5,6.61,6.44,Liverpool,Fulham,0 , 1,2 , 2,15:00,"Sat, 14-Dec-24",13,8,Won (67%),Drew (33%),Won (0%),16,12,12,9,3,1,1,2,0,0,0,0,568,360,31,14,48,50,488,296
287,14,10,37.4,62.6,79,86,15,14,16,8,21,21,4,6,13,6,2,8,6.7,6.5,Nottingham Forest,Brighton,3 , 0,7 , 0,12:30,"Sat, 01-Feb-25",10,7,Won (33%),Drew (33%),Won (33%),15,10,9,7,2,3,2,0,1,0,1,0,339,565,10,25,50,43,278,496
288,10,6,51.5,48.5,83,81,4,11,14,12,18,22,4,2,15,6,4,7,6.32,6.47,Manchester United,Brighton,1 , 1,1 , 3,14:00,"Sun, 19-Jan-25",5,8,Won (33%),Drew (0%),Won (67%),10,6,7,6,2,0,0,0,1,0,0,0,478,450,10,9,56,56,411,385
