player_name,team_number,team_name,age,position,Apps,Mins,Assists,KeyP,AvgP,PS%,Crosses,LongB,ThrB,Rating,Goals,Yel,Red,SpG,AerialsWon,MoM,Dribble,Fouled,Off,Disp,UnsTch,Tackles,Inter,Fouls,Offsides,Clear,Drb,Blocks,OwnG
Bukayo Saka,13,Arsenal,23," D(L),M(CLR)  ",35,2937,9,2.6,37.4,83,1.3,0.8,0,7.67,16,4,0,3.1,0.7,6,1.4,2,0.2,1.5,1.6,1.9,0.4,1.2,0,0.5,0.9,0.1,0
Rodri,167,Man City,28," D(C),DMC  ",34,2937,9,1.4,106.9,92.5,0,7.1,0.2,7.62,8,8,1,1.8,1.6,5,1.2,1,0.2,0.9,0.7,2.1,0.8,1.2,0,1.2,0.9,0.2,0
Michael Olise,162,Crystal Palace,23, AM(CLR)  ,14(5),1277,6,1.9,32.1,83.1,1.3,1.3,0.3,7.61,10,0,0,3,0.4,6,2.1,2.3,0.1,1.7,2.2,1,0.6,0.7,0,0.5,0.8,0,0
Phil Foden,167,Man City,24," AM(CLR),FW  ",33(2),2869,8,2.1,47.7,89.1,0.5,1.2,0.3,7.55,19,2,0,3,0.2,10,1.3,1.7,0.1,1.4,1.8,0.9,0.4,0.4,0,0.5,0.5,0,0
Cole Palmer,15,Chelsea,22," AM(CR),FW  ",29(4),2618,11,2.2,39.5,83.3,0.5,2.1,0.4,7.48,22,7,0,3.3,0,5,1.6,0.8,0.2,1.3,1.7,0.7,0.6,0.7,0,0.3,0.3,0.1,0
Eberechi Eze,162,Crystal Palace,26, AM(CLR)  ,24(3),2064,4,2,29.3,83.7,1.3,1,0.2,7.45,11,3,0,3.1,0.4,5,2.6,1.8,0.4,1.8,2.9,1.3,0.4,1,0,0.1,0.6,0.1,0
Erling Haaland,167,Man City,24, FW  ,29(2),2559,5,0.9,12.3,77.4,0,0.1,0,7.40,27,1,0,3.9,1.3,6,0.4,1,0.2,0.6,1.3,0.2,0.1,0.6,0,0.5,0,0,0
Bruno Fernandes,32,Man Utd,30," M(CLR),FW  ",35,3120,8,3.3,54.6,79.4,1.5,4.3,0.3,7.39,10,9,0,2.7,0.6,6,0.5,0.8,0.4,1,1.4,1.9,0.8,1.2,0,1.3,1.7,0.2,0
Declan Rice,13,Arsenal,26," D(C),DMC  ",37(1),3232,8,1.2,58.6,90.7,0.6,2.1,0,7.38,7,5,0,1.5,1,5,0.6,0.3,0.1,0.6,0.8,2.2,1.2,0.9,0.1,1.3,0.7,0.3,0
Bruno Guimarães,23,Newcastle,27, DMC  ,37,3269,8,1.7,61.2,85,0.3,3.5,0.3,7.37,7,9,0,1.3,0.5,6,1.9,2.9,0,1.9,1.6,2.4,0.9,1.4,0,0.5,1,0.4,0
Martin Ødegaard,13,Arsenal,26, AM(CR)  ,35,3104,10,2.9,54.3,86.8,0.9,1.3,0.6,7.37,8,2,0,2.2,0.1,5,1.1,1,0.1,1.7,1.5,1.4,0.4,0.9,0,0.1,1.2,0,0
Son Heung-Min,30,Tottenham,32," M(CLR),FW  ",34(1),2948,10,1.9,29.3,85.1,0.1,0.3,0.3,7.30,17,1,0,2.4,0.1,6,1.1,1.1,0.6,1.2,1.6,0.6,0.2,0.3,0,0.1,0.3,0,1
Anthony Gordon,23,Newcastle,24," AM(CLR),FW  ",34(1),2906,10,1.6,26.3,81.8,0.9,0.8,0.1,7.29,11,10,1,2.3,0.3,4,1.5,1.9,0.2,1.1,2,1.6,0.2,1.1,0,0.1,1.2,0,0
Ollie Watkins,24,Aston Villa,29," AM(LR),FW  ",37,3227,13,1.2,15.9,76.8,0.1,0.1,0.1,7.27,19,4,0,2.9,1.4,7,0.7,1.1,0.4,1.5,2.1,0.3,0.1,0.6,0.1,0.5,0.2,0.1,0
Jérémy Doku,167,Man City,22, M(LR)  ,18(11),1596,8,1.6,27.1,86,0.4,0.5,0,7.24,3,3,0,1.9,0.1,5,3,1.1,0.2,1.3,1.8,1.3,0.3,0.5,0,0.1,0.4,0,0
Mohamed Salah,26,Liverpool,32," AM(CLR),FW  ",28(4),2536,10,2.1,29.2,75.7,0.3,0.8,0.3,7.24,18,2,0,3.6,0.2,4,0.8,0.8,0.5,1.8,2.4,0.5,0.1,0.4,0,0,0.5,0,0
Mohammed Kudus,29,West Ham,24," M(CLR),FW  ",27(6),2488,6,0.8,23.4,84.5,0.6,1.3,0,7.23,8,6,0,2,0.5,6,3.8,2.3,0.5,2.8,2.4,2,0.3,1.2,0,0.2,0.6,0,0
James Maddison,30,Tottenham,28, AM(CLR)  ,26(2),2155,9,2.4,48.1,87.4,0.8,1.5,0.3,7.17,4,5,0,2.1,0.1,1,1.1,2.6,0.1,1.2,1.3,1.2,0.5,0.8,0,0.3,0.5,0.1,0
Kai Havertz,13,Arsenal,25," M(CR),FW  ",30(7),2641,7,1.2,25.2,81.1,0.1,0.2,0.1,7.16,13,11,0,1.9,2.8,3,0.4,1.2,0.4,0.9,1.5,0.9,0.5,1.3,0,0.6,0.7,0,0
Bernardo Silva,167,Man City,30," M(CLR),FW  ",29(4),2582,9,1.9,55.3,89.4,0.5,1.8,0,7.15,6,8,0,1,0.1,2,1.2,0.8,0.1,1,1.3,1.5,0.5,0.7,0,0.4,1,0.1,0
Virgil van Dijk,26,Liverpool,33, D(C)  ,36,3178,2,0.3,79.8,91.5,0,4.3,0,7.15,2,3,1,1.3,3.9,1,0.1,0.4,0,0.1,0.2,1.1,1.1,0.6,0.5,3.9,0.1,0.9,0
Alexander Isak,23,Newcastle,25," AM(L),FW  ",27(3),2267,2,0.9,15.8,80,0,0.3,0,7.14,21,1,0,2.6,0.3,3,1.4,0.5,0.6,0.8,1.6,0.2,0.2,0.5,0,0.4,0.2,0,0
Pascal Groß,211,Brighton,33," D(LR),M(CR),FW  ",34(2),3114,10,2.9,81.3,90.2,2.5,2.7,0,7.13,4,7,0,1.5,0.4,6,0.4,0.8,0.1,0.8,1,1.9,0.6,0.6,0.1,0.8,1.1,0.2,0
Conor Gallagher,15,Chelsea,25, M(CL)  ,37,3137,7,1.4,52.2,91.5,0.5,1.5,0.1,7.13,5,7,1,1.3,0.7,1,1,1.7,0,1.1,1.9,2.3,1.2,2.2,0,0.8,1.2,0.3,0
Matheus Cunha,161,Wolves,25," AM(CL),FW  ",29(3),2454,7,0.9,24.6,81.6,0.1,0.6,0.2,7.13,12,9,0,2.3,0.5,5,2,1.6,0.1,1.7,2.5,0.9,0.4,1,0,0.6,0.7,0.2,0
Andy Robertson,26,Liverpool,31," D(L),M(L)  ",18(5),1693,2,2.7,54.1,87.7,2.4,2,0,7.12,3,2,0,0.5,0.6,0,0.2,0.2,0.1,0.3,0.8,1.5,0.6,0.4,0.2,1.5,0.7,0.3,0
Trent Alexander-Arnold,26,Liverpool,26," D(R),DMC,M(R)  ",25(3),2161,4,2.3,60.2,79.6,2,5.3,0.3,7.12,3,6,0,1.7,0.3,3,1,0.3,0.1,0.2,1,1.4,1.1,0.3,0.2,1.5,2.1,0.1,0
Julián Alvarez,167,Man City,25," AM(CLR),FW  ",31(5),2660,9,1.9,30.8,87.9,0.8,0.7,0.1,7.10,11,2,0,2.7,0.1,1,0.6,0.4,0.1,1,1.6,0.7,0.1,0.6,0,0.4,0.7,0,0
Jarrod Bowen,29,West Ham,28," AM(CLR),FW  ",34,3021,6,0.9,18.3,75.1,0.4,0.4,0.1,7.10,16,2,0,2.5,1,2,1,1.2,0.6,1.7,2.3,1.2,0.6,0.8,0,0.4,0.6,0.1,0
Diogo Jota,26,Liverpool,28," AM(CLR),FW  ",14(7),1151,3,1,18.3,74.5,0,0.4,0.1,7.09,10,1,1,2,0.9,1,0.7,1,0.1,0.9,2,1.1,0.3,1.3,0,0.2,0.6,0,0
Alexis Mac Allister,26,Liverpool,26," M(CL),FW  ",31(2),2612,5,1.4,58.4,87.8,0.3,1.8,0.2,7.09,5,7,1,1.3,0.9,2,0.5,1.4,0,1.1,0.9,3,1.1,1.6,0,0.8,2,0.2,0
Luis Díaz,26,Liverpool,28," AM(LR),FW  ",32(5),2646,5,1.7,27.5,85.3,0.2,1.2,0,7.09,8,3,0,2.5,0.7,3,1.8,1.1,0.5,1.9,1.9,0.9,0.1,1.5,0,0.2,0.6,0,0
James Tarkowski,31,Everton,32, D(C)  ,38,3420,1,0.6,40.1,77.8,0.1,4.2,0,7.08,1,11,0,0.7,3.8,5,0.4,0.7,0,0.4,0.4,1.6,1.5,1.2,0.4,4.9,0.6,1.5,0
Nicolas Jackson,15,Chelsea,23, FW  ,31(4),2810,5,1.1,18.8,78,0,0.3,0.1,7.07,14,10,0,2.3,1,3,1.5,1.1,0.8,1.9,2.5,0.6,0.1,0.8,0,0.5,0.5,0.1,0
Kieran Trippier,23,Newcastle,34," D(LR),M(R)  ",26(2),2240,10,2.3,61.2,79.7,2.5,2.8,0,7.07,1,5,0,0.3,1.1,3,0.6,0.8,0.1,0.3,0.7,2,0.9,1,0.3,1.7,1.4,0.3,0
Ross Barkley,95,Luton,31, M(CLR)  ,30(2),2622,4,1.4,44,84.5,0.4,2.8,0.1,7.05,5,6,0,2.1,1.4,1,2.1,1.3,0,1.8,0.8,1.5,0.8,0.8,0,1.5,1.2,0.3,0
Lucas Paquetá,29,West Ham,27," M(CLR),FW  ",31,2638,6,1.4,45.5,75.2,0.3,2.3,0.5,7.04,4,10,0,1.4,2,0,1.3,2.1,0.2,2.6,2.3,2.3,0.7,1.5,0,0.8,0.9,0,0
Pedro Porro,30,Tottenham,25," D(R),M(R)  ",35,3093,7,1.5,53.3,79.6,1.1,2.2,0.2,7.04,3,3,0,1.5,0.5,3,0.7,0.8,0,0.4,1.1,2.6,1,1.1,0.5,2.3,1.7,0.5,0
João Palhinha,170,Fulham,29, DMC  ,31(2),2711,1,0.4,40,83,0,2.4,0.1,7.04,4,13,0,1.4,1.2,2,0.3,1.7,0.1,0.8,0.9,4.6,1.4,1.6,0.1,1.6,1.5,0.3,0
Dominic Solanke,183,Bournemouth,27, FW  ,37(1),3333,3,1,14,73.7,0.1,0.2,0,7.03,19,3,0,2.9,2.6,3,1,1.2,0.4,2.1,3.6,0.6,0.2,1.1,0.1,1.1,0.5,0.1,0
Josko Gvardiol,167,Man City,23, D(CL)  ,26(2),2330,1,0.6,61.9,88.3,0.1,1.5,0,7.03,4,3,0,1.1,1.1,1,0.9,0.8,0.1,0.5,0.8,2,1,0.7,0.3,0.9,0.6,0.4,0
Cristian Romero,30,Tottenham,26, D(C)  ,33,2793,0,0.2,78.4,91.9,0,1.8,0.1,7.03,5,7,1,0.7,2.7,1,0.2,0.7,0,0.1,0.4,2,1.3,0.9,0.9,3,0.4,0.7,1
Bryan Mbeumo,189,Brentford,25," AM(LR),FW  ",22(3),1960,6,1.3,26,72.3,1.2,0.7,0.2,7.02,9,2,0,2.1,0.9,3,1,1.7,0.1,1.6,2.7,0.6,0.3,0.9,0,0.5,0.6,0.1,0
Morgan Gibbs-White,174,Nottingham Forest,25," AM(CLR),FW  ",35(2),3164,10,2,34.7,76.9,1.5,2,0.2,7.00,5,9,0,1.9,1.6,2,1.2,1.5,0.2,1.2,2.1,1,0.5,1,0,0.5,0.5,0.2,0
James Ward-Prowse,29,West Ham,30, M(CR)  ,34(3),3006,7,1.7,39.8,89.6,1.7,1.4,0,6.99,7,4,0,1.2,0.7,4,0.3,0.5,0,0.3,0.4,1.2,1,0.6,0,1.2,0.7,0.2,0
Jacob Murphy,23,Newcastle,30," D(R),M(LR)  ",14(7),1194,7,1.5,20,73.6,0.8,0.3,0.2,6.99,3,1,0,1.4,0.2,1,0.6,0.7,0,0.7,0.9,1,0.3,0.3,0,0.6,0.7,0,0
Gabriel Magalhães,13,Arsenal,27, D(C)  ,34(2),3044,0,0.1,59.6,89.1,0,1.9,0,6.99,4,4,0,0.9,2.2,1,0.1,0.9,0,0.1,0.3,1.3,0.9,1,0.5,2.7,0.1,0.9,1
Pedro Neto,161,Wolves,25," AM(CLR),FW  ",18(2),1521,9,1.9,29.5,83.4,1.7,0.9,0,6.99,2,4,0,1.8,0.2,1,1.9,1.1,0.1,1,2.2,0.4,0.3,0.8,0,0.1,0.5,0.1,0
John McGinn,24,Aston Villa,30, M(CLR)  ,35,3010,4,1.3,32.6,82.7,0.7,2.1,0.2,6.98,6,9,1,1.1,0.3,3,1.5,2,0.1,1.7,1.6,1.7,0.6,1.1,0.1,0.5,1.3,0.1,0
Dwight McNeil,31,Everton,25, M(CLR)  ,33(2),2900,6,2,28.6,78.3,1.9,1.3,0.2,6.97,3,2,0,1.6,0.5,3,0.9,0.9,0.1,1.7,1.9,1.3,0.6,0.5,0,0.8,0.9,0.2,0
Casemiro,32,Man Utd,33," D(C),DMC  ",24(1),1987,2,0.6,56.2,82.6,0.1,3.2,0,6.97,1,7,0,1.6,1.7,1,0.4,0.4,0.2,0.7,0.6,3.3,0.7,1.2,0,2.6,2.2,1.3,0
Leon Bailey,24,Aston Villa,27," M(CLR),FW  ",22(13),2080,9,1.5,20,78.2,0.5,0.8,0.1,6.96,10,5,0,1.5,0.4,3,1.6,0.7,0.3,1.2,1.5,0.4,0.3,0.7,0,0.1,0.4,0,0
Dejan Kulusevski,30,Tottenham,24," AM(CR),FW  ",31(5),2767,3,1.8,31.4,81.9,0.6,0.4,0.1,6.96,8,7,0,1.6,0.2,3,1.5,0.8,0.3,1.8,2.4,1.7,0.5,1.5,0,0,1.2,0,0
Alphonse Areola,29,West Ham,32, GK  ,31,2702,0,0,23.2,59.3,0,5.9,0,6.96,0,1,0,0,0.4,4,0,0.1,0,0,0,0,0,0.1,0,0.9,0.1,0,1
Diogo Dalot,32,Man Utd,26," D(LR),M(LR)  ",35(1),3174,3,1.1,41.4,83.8,0.7,2.1,0,6.96,2,4,1,0.8,0.9,1,0.9,0.4,0.1,0.3,0.7,2.3,1,1.3,0.2,2.7,0.6,0.4,0
Douglas Luiz,24,Aston Villa,26, M(C)  ,35,3003,5,1.5,56.4,89.4,0.9,2.8,0.2,6.95,9,12,0,1.4,0.7,3,0.7,1.2,0,0.9,0.9,1.7,0.7,1.5,0.1,0.5,0.8,0.2,0
Willy-Arnaud Boly,174,Nottingham Forest,34, D(C)  ,18(2),1443,1,0.5,30.6,76.9,0,1.6,0.1,6.94,2,1,1,0.7,2.9,1,0.2,0.1,0.1,0.2,0.2,2.3,1.3,1,0.4,4.3,0.9,1.1,0
Dan Burn,23,Newcastle,32," D(CL),M(L)  ",32(1),2733,2,0.3,45.5,81.1,0.1,0.8,0,6.94,2,4,0,0.7,3.1,1,0.1,0.3,0.1,0.3,0.5,1.8,1.1,1,0.3,3.6,1.1,0.8,0
João Pedro,211,Brighton,23," AM(CL),FW  ",19(12),2046,3,1.2,25,82.7,0.3,0.5,0.1,6.93,9,2,0,2.4,1.3,3,1.4,1.9,0.4,2,2.7,1,0.4,0.6,0.1,0.8,0.3,0.1,0
Ben White,13,Arsenal,27," D(CR),DMC  ",35(2),2995,4,1.1,51.6,86.7,0.4,1.4,0,6.93,4,8,0,0.4,1,0,0.2,0.3,0.3,0.2,0.7,1.3,0.9,0.5,0.3,1.8,0.9,0.6,0
Antonee Robinson,170,Fulham,27," D(L),M(L)  ",37,3269,6,0.9,44,75.9,0.8,2.7,0,6.92,0,6,0,0.4,1.1,1,1,0.5,0.1,0.4,1.3,2.5,2.2,0.9,0.5,2.9,1.6,0.2,2
Jarrad Branthwaite,31,Everton,22, D(C)  ,35,3117,0,0.1,39.2,80.1,0,2.1,0,6.90,3,8,0,0.4,2.7,0,0.1,0.5,0.1,0.1,0.6,1.9,1.4,0.7,0.5,4.5,0.5,1,0
Gabriel Jesus,13,Arsenal,27," AM(LR),FW  ",17(10),1482,5,1.1,18.1,81,0,0.3,0.2,6.89,4,6,0,2,0.6,2,1.3,1.2,0.6,1.4,2.3,0.9,0.5,1,0,0.4,0.5,0,0
Gabriel Martinelli,13,Arsenal,23," AM(LR),FW  ",24(11),2031,4,1.3,23.1,85,0.8,0.7,0.1,6.89,6,1,0,1.7,0.5,1,1.1,0.7,0.3,1.2,1.5,0.9,0.1,0.7,0,0.2,0.5,0,0
Ryan Christie,183,Bournemouth,30," M(CLR),FW  ",35(2),2922,5,1.5,33,79.3,0.5,2.4,0.2,6.89,0,6,0,1.2,0.6,2,1.4,1,0.1,1.3,1.6,2.3,1.4,1.3,0.1,1.4,1.4,0.3,0
Darwin Núñez,26,Liverpool,25," AM(CL),FW  ",22(14),2050,8,0.9,12.9,71.6,0.1,0.3,0,6.89,11,9,0,3,0.9,0,0.4,0.4,0.9,0.8,1.5,0.6,0.1,0.8,0,0.3,0.3,0.2,0
Tomás Soucek,29,West Ham,30, M(C)  ,34(3),2876,2,0.5,25.6,75.7,0.1,0.8,0,6.88,7,7,0,1.2,2.9,3,0.1,0.6,0.3,0.3,0.5,1.4,1,1.1,0.1,2.9,0.7,0.8,0
Kaoru Mitoma,211,Brighton,27, M(L)  ,15(4),1488,4,1.3,31.4,83.4,0.3,0.3,0,6.88,3,4,0,1.8,0.6,1,2.1,1.2,0.4,0.8,2,0.7,0.3,0.7,0,0.6,0.7,0.1,0
Ethan Pinnock,189,Brentford,31, D(C)  ,28(1),2521,0,0.1,48.2,84,0,2.4,0,6.88,2,1,0,0.7,3.9,1,0.2,0.4,0,0.1,0.4,1.2,1.5,0.1,0.5,5.8,0.4,0.8,0
Jean-Philippe Mateta,162,Crystal Palace,27, FW  ,25(10),2285,5,0.9,11.8,73.8,0.1,0.2,0,6.88,16,3,0,1.3,1.4,2,0.7,0.6,0.7,2.2,2.5,0.6,0.1,1,0,0.4,0.1,0.1,0
Antoine Semenyo,183,Bournemouth,25," AM(LR),FW  ",25(8),2113,2,0.9,17.8,74.3,0.2,0.5,0.1,6.88,8,6,0,2.1,1.6,3,1.5,0.7,0.1,1.6,1.8,0.7,0.2,1.3,0,0.6,0.5,0.1,0
Joachim Andersen,162,Crystal Palace,28, D(C)  ,38,3418,3,0.5,56.7,79.5,0.3,5.3,0.1,6.88,2,7,0,0.6,2.4,4,0.4,0.6,0,0.2,0.3,1.5,1.1,1.1,0.5,5.3,0.3,0.5,0
Yoane Wissa,189,Brentford,28," AM(L),FW  ",29(5),2509,3,0.9,12.9,73.2,0.1,0.4,0.1,6.87,12,7,0,2,1.1,2,0.6,1.5,0.6,0.6,1.7,0.8,0.3,1.1,0.1,0.4,0.4,0.1,0
Cody Gakpo,26,Liverpool,25," AM(CLR),FW  ",17(18),1646,5,0.7,15.3,79.3,0.2,0.3,0,6.87,8,1,0,1.9,0.9,2,0.9,1.1,0.2,0.9,1.3,0.8,0.4,0.8,0,0.2,0.5,0.1,0
Harry Maguire,32,Man Utd,32, D(C)  ,18(4),1651,2,0.3,49.8,83.4,0,3.3,0,6.87,2,4,0,0.9,3.1,0,0,0.5,0.3,0.1,0.4,1.1,1.1,1,0.5,3.8,0.5,1.1,0
Marcus Tavernier,183,Bournemouth,26, M(CLR)  ,25(5),2134,4,1.5,25.3,79.3,0.8,0.9,0.1,6.86,3,3,0,1.8,0.4,1,1.5,0.7,0.1,1.4,1.8,1.8,0.2,0.7,0,0.6,0.7,0.1,0
Simon Adingra,211,Brighton,23," M(LR),FW  ",25(6),2233,1,1.1,24.1,81.1,0.5,0.5,0.2,6.86,6,3,0,1.7,0.3,3,1.6,0.6,0.5,0.9,1.5,1.5,0.6,0.9,0,0.7,0.7,0,0
Mario Lemina,161,Wolves,31," D(C),M(C)  ",34(1),2976,1,0.6,41.1,86.7,0.1,1.7,0.1,6.85,4,10,1,1.4,1,2,0.7,0.7,0.2,0.6,0.9,2.6,1.2,1.2,0,1.6,0.6,0.3,0
Moisés Caicedo,15,Chelsea,23," D(R),DMC  ",33(2),2875,3,0.7,59.9,90.8,0,2.5,0.1,6.85,1,11,0,0.4,0.9,2,0.7,1.4,0,0.7,1,2.6,1.1,1.4,0.1,0.9,0.7,0.7,0
William Saliba,13,Arsenal,24, D(C)  ,38,3420,1,0.2,74.7,92.6,0,1.8,0.1,6.85,2,4,0,0.3,1.9,2,0.3,0.4,0,0.3,0.6,1.1,0.8,0.6,0.4,2.1,0.2,0.4,0
Vitalii Mykolenko,31,Everton,25," D(CL),M(L)  ",28,2472,0,0.5,31.5,74.9,0.5,1.9,0,6.85,2,1,0,0.9,1.1,2,0.6,0.3,0,0.4,1.4,2.5,1.3,0.8,0.4,2.9,0.9,0.4,0
Jordan Ayew,162,Crystal Palace,33," AM(CLR),FW  ",30(5),2551,7,0.7,23.2,80.6,0.5,0.3,0,6.85,4,7,1,1.4,1,3,1.5,2.7,0.2,2.3,2.4,1.9,0.5,1.3,0,0.4,0.6,0.1,0
Kyle Walker,167,Man City,34," D(CR),M(R)  ",30(2),2767,4,0.8,66.8,90.4,0.6,2.4,0.1,6.85,0,2,0,0.5,0.8,0,0.7,0.6,0.2,0.4,0.8,1.2,0.8,0.7,0.3,1.1,0.6,0.2,0
André Onana,32,Man Utd,28, GK  ,38,3420,0,0.1,36.1,70.4,0,5.4,0,6.84,0,5,0,0,0.4,2,0,0.1,0,0,0,0.1,0,0,0,0.6,0,0,0
Noni Madueke,15,Chelsea,23," AM(R),FW  ",13(10),1057,2,0.9,19.7,88.5,0.2,0.4,0,6.84,5,2,0,1.4,0.3,2,1.6,0.8,0.1,0.6,1.1,0.7,0.2,0.3,0,0.5,1,0,0
James Garner,31,Everton,24, M(CR)  ,34(3),3006,2,1.2,30,82.8,0.7,1.2,0.1,6.84,1,7,0,1.1,0.7,0,0.5,1.2,0.1,0.3,0.9,2.2,1.2,1.1,0,1.2,1.3,0.4,0
Ibrahima Konaté,26,Liverpool,25, D(C)  ,17(5),1571,0,0.4,65.9,88,0,2.1,0.1,6.84,0,3,1,0.5,3.5,0,0.3,0.6,0,0.2,0.4,1.6,0.9,1.1,0.8,2.3,0.3,0.5,0
Richarlison,30,Tottenham,27," AM(CLR),FW  ",18(10),1493,4,0.5,13.4,70.9,0,0.3,0,6.83,11,3,0,2.2,0.9,1,0.4,1.1,0.4,1.4,1.9,0.6,0.3,0.7,0,0.8,0.3,0.2,0
Rúben Dias,167,Man City,27, D(C)  ,28(2),2558,0,0.2,86.9,94.1,0.1,2.8,0.1,6.83,0,0,0,0.7,1.6,0,0,0.5,0,0.2,0.3,1.3,1,0.8,0.6,2.5,0.2,0.6,1
Idrissa Gueye,31,Everton,35, M(C)  ,24(1),1896,0,0.6,35.2,85.6,0,0.9,0,6.83,4,8,0,1,0.6,1,0.4,1.2,0,0.8,0.7,2.9,1.1,1.4,0,0.6,0.7,0.3,0
Lewis Cook,183,Bournemouth,28," D(R),M(CL)  ",32(1),2792,3,1.4,40.7,81.2,1,1.5,0,6.83,0,5,1,0.4,1.3,2,0.6,0.5,0.1,0.6,1.1,1.8,2,1.2,0,1.3,0.9,0.3,0
Martin Dúbravka,23,Newcastle,36, GK  ,22(1),1984,0,0,22,74.9,0,3.1,0,6.83,0,1,0,0,0.2,2,0,0.2,0,0,0.1,0,0,0.1,0,0.7,0.2,0,0
Alfie Doughty,95,Luton,25," D(L),M(LR)  ",34(3),2938,8,1.9,29.5,75.2,2.4,1.8,0,6.83,2,5,0,0.7,0.6,2,0.9,0.2,0.4,0.4,1.4,1.7,0.8,0.8,0.1,1,1.2,0.2,0
Leandro Trossard,13,Arsenal,30," M(CLR),FW  ",18(16),1647,1,0.7,17.8,78.7,0.3,0.5,0,6.82,12,2,0,1.8,0.2,1,0.7,0.6,0.3,1.1,1.4,0.8,0.2,0.4,0,0.1,0.5,0,0
Oliver McBurnie,163,Sheff Utd,28," AM(CL),FW  ",15(6),1287,3,0.6,19,60.3,0.1,0,0,6.82,6,3,2,1.6,5.4,2,0.3,1.3,0.2,0.9,1.2,0.8,0.2,0.9,0,1.3,0.3,0.1,0
Jefferson Lerma,162,Crystal Palace,30," D(CR),DMC  ",27(1),2404,1,0.9,43.8,82.4,0.1,1.4,0.1,6.82,1,8,0,1.2,2.5,1,0.4,0.9,0.1,0.5,0.9,1.5,1.3,1.5,0,2.3,0.8,0.4,0
Levi Colwill,15,Chelsea,22, D(CL)  ,20(3),1800,1,0.3,45.8,83.4,0,1.9,0,6.82,1,2,0,0.5,1.9,2,0.4,0.6,0.2,0.2,1,2.1,1.1,1.1,0.3,2.8,0.3,0.4,0
Marc Cucurella,15,Chelsea,26," D(CL),M(L)  ",20(1),1786,2,0.9,50.3,86.7,0.2,0.7,0,6.81,0,10,0,0.4,1.2,0,0.2,1.7,0,0.3,0.7,3,1,1.1,0.1,1.6,1.4,0.6,1
Dominik Szoboszlai,26,Liverpool,24," AM(CLR),FW  ",25(8),2110,2,1.7,42.4,87.3,0.8,1.6,0.1,6.81,3,1,0,1.8,0.4,1,0.7,0.9,0.1,0.8,0.8,1,0.5,0.9,0,0.4,1,0.1,0
Craig Dawson,161,Wolves,34, D(CR)  ,25,2211,1,0.4,50.9,86.7,0,4,0.1,6.81,1,7,0,0.6,2.5,2,0.1,0.6,0.2,0.1,0.2,1.2,0.6,0.8,0.4,4.8,0.5,1.6,0
Fabian Schär,23,Newcastle,33, D(C)  ,35(1),3057,1,0.3,58.5,83.2,0.1,5.1,0.1,6.81,4,5,0,1,1.9,1,0.4,0.7,0,0.3,0.5,1.2,1,1.1,0.4,3.6,0.6,1.1,0
Oleksandr Zinchenko,13,Arsenal,28," D(L),M(CLR)  ",20(7),1727,2,1.1,52.3,89.4,0.2,2,0.2,6.81,1,2,0,0.6,1,3,0.3,0.3,0,0.6,0.4,1.9,0.7,0.3,0.1,0.8,0.6,0.1,0
Raheem Sterling,15,Chelsea,30," M(CLR),FW  ",22(9),1983,4,1,21.2,79.3,0.3,0.2,0.1,6.80,8,7,0,1.6,0.1,2,1.5,1.3,0.3,1.4,1.7,0.7,0.4,1.1,0,0.3,0.5,0,0
Tosin Adarabioyo,170,Fulham,27, D(CR)  ,18(2),1617,0,0.1,60.6,84.7,0,3.6,0,6.80,2,2,0,0.7,2.9,0,0.1,0.3,0,0.2,0.2,1.1,1.3,0.5,0.8,4,0.5,0.6,0
Kobbie Mainoo,32,Man Utd,19, M(C)  ,24,1942,1,0.6,35.9,86.7,0,0.9,0.2,6.80,3,3,0,0.5,0.8,0,1.3,1,0,1,1.2,2,0.9,0.6,0,1.1,1,0.5,0
Marcos Senesi,183,Bournemouth,27, D(C)  ,26(5),2248,5,0.7,40.6,78.5,0.4,4,0.1,6.80,4,13,0,0.4,1.3,1,0.4,0.4,0,0.4,0.6,1.8,1.1,1.3,0.3,3.4,1,0.7,0
Christian Nørgaard,189,Brentford,31," D(C),DMC  ",30(1),2513,1,0.8,46.5,81.2,0.2,1.9,0.2,6.80,2,8,0,1.1,1.3,1,0.2,1,0,0.5,0.7,2.6,1.7,1.3,0,1.6,1.8,0.2,0
Boubacar Kamara,24,Aston Villa,25," D(CL),DMC  ",20,1662,1,1,51.2,89.3,0,2.1,0.1,6.79,0,7,1,0.3,1,0,0.7,1.5,0,0.7,1,2.2,1.1,1.8,0,0.8,1.2,0.4,0
Micky van de Ven,30,Tottenham,23, D(CL)  ,27,2344,0,0,66,94.3,0,1.5,0,6.79,3,5,0,0.3,1.4,1,0.6,0.6,0,0.4,0.6,1.8,0.7,0.5,1.1,2.6,0.3,0.6,0
Hwang Hee-Chan,161,Wolves,29," AM(CLR),FW  ",25(4),2133,3,0.6,18.3,77.7,0.1,0.3,0.1,6.79,12,6,0,1.6,0.2,2,1.2,1.1,0.5,1.1,1.9,0.7,0.3,1.1,0,0.3,0.5,0,0
Rodrigo Muniz,170,Fulham,23, FW  ,18(8),1598,1,0.7,8.4,62.1,0,0.3,0,6.79,9,1,0,2.8,2.9,2,0.2,1.3,0.2,1.3,2.1,0.3,0.2,0.9,0.1,0.8,0.2,0.1,0
Callum Hudson-Odoi,174,Nottingham Forest,24, M(CLR)  ,20(9),1856,1,1.2,22.4,85.4,0.4,1.1,0,6.79,8,0,0,1.3,0.1,3,1.5,1,0.3,1.1,1.2,0.6,0.2,0.5,0,0.4,0.7,0,0
Dominic Calvert-Lewin,31,Everton,28," AM(L),FW  ",26(6),2189,2,0.6,13.6,56.9,0,0.1,0,6.79,7,2,0,2.3,4.4,2,0.4,1,0.8,0.8,2,0.4,0.1,1,0,1.2,0.4,0.1,0
Manuel Akanji,167,Man City,29," D(CLR),DMC  ",28(2),2514,0,0.4,76.5,93.8,0.1,2.7,0.1,6.78,2,2,1,0.5,0.9,0,0.1,0.6,0,0.3,0.5,1.4,0.8,0.6,0.5,2,0.6,0.4,0
Carlton Morris,95,Luton,29," AM(CL),FW  ",32(6),2867,4,0.6,18.9,66.8,0,0.2,0,6.78,11,4,0,1.9,3.5,1,0.8,1.1,0.2,1.4,1.4,0.4,0,1.3,0,1.4,0.2,0.1,0
Emerson,29,West Ham,30," D(L),M(L)  ",35(1),3143,2,0.7,39.8,82.9,0.3,1.2,0,6.78,1,10,0,0.5,0.7,1,0.7,0.9,0,0.5,1,2.9,1.2,0.9,0.3,2.4,0.9,0.4,1
Tyrick Mitchell,162,Crystal Palace,25," D(L),M(L)  ",37,3209,3,0.6,32.6,74.2,0.5,0.9,0,6.78,2,6,0,0.3,0.6,0,0.5,0.4,0,0.8,1.2,2.8,0.7,0.6,0.3,2.3,0.5,0.3,0
Thiago Silva,15,Chelsea,40, D(C)  ,28(3),2528,1,0.3,73.5,94.9,0,3.1,0,6.77,3,4,0,0.5,1.7,0,0.1,0.3,0,0,0.2,0.9,0.8,0.3,0.5,4.8,0.5,0.8,0
Alex Iwobi,170,Fulham,28," D(R),M(CLR)  ",25(5),2205,2,1.6,32.7,81.8,0.3,1.2,0.1,6.77,5,2,0,1.7,0.2,2,1.2,0.2,0.2,0.9,1.7,1,0.5,0.4,0,0.2,0.4,0,0
Chiedozie Ogbene,95,Luton,27," M(CLR),FW  ",20(10),1994,1,0.9,21,81.6,0.4,0.3,0,6.76,4,1,0,1.2,1,1,2,1.7,0.3,0.7,2,0.6,0.2,0.3,0,1,0.3,0.1,0
Brennan Johnson,30,Tottenham,23," AM(CLR),FW  ",23(9),2093,10,1.4,20.1,76.2,0.5,0.2,0,6.76,5,3,0,1.6,0.2,0,0.8,0.9,0.4,0.6,1.1,0.8,0.3,0.5,0,0.3,0.6,0,0
Alejandro Garnacho,32,Man Utd,20, AM(CLR)  ,30(6),2578,4,1.3,23.2,79.4,0.2,0.5,0,6.76,7,4,0,2.8,0.2,2,1.3,1.5,0.4,1.4,1.9,0.6,0.5,0.6,0,0.3,0.9,0.1,0
Rayan Aït-Nouri,161,Wolves,23," D(L),M(L)  ",29(4),2347,1,0.8,31.5,86.6,0.2,0.7,0,6.76,2,7,0,0.7,0.6,1,1.9,1.6,0.2,1.7,1.5,2.2,0.5,0.8,0.1,0.9,0.6,0.2,0
Edson Álvarez,29,West Ham,27," D(C),DMC  ",28(3),2385,1,0.4,38.5,86.1,0,1.9,0.1,6.76,1,11,0,0.5,1,0,0.9,0.5,0,1,1.2,2.6,1.4,1.1,0.1,2.3,1.1,0.6,0
Enzo Fernández,15,Chelsea,24, M(C)  ,26(2),2215,2,1.1,64.1,86.9,0.3,4.6,0.3,6.75,3,7,0,1.7,0.8,1,0.8,1.1,0.1,0.9,1,1.8,0.6,1.2,0,0.9,1.4,0.5,0
Aaron Wan-Bissaka,32,Man Utd,27," D(LR),M(R)  ",20(2),1782,2,0.5,37.8,82.9,0.2,0.6,0,6.75,0,4,0,0.1,1,1,0.8,0.4,0,0.4,0.9,1.9,1.9,0.8,0.1,2.5,0.3,0.7,0
Andreas Pereira,170,Fulham,29, M(CLR)  ,34(3),2638,7,2.3,28.7,78.8,1.8,1.4,0.2,6.75,3,6,0,1.4,0.4,2,0.5,0.7,0.1,1.1,1.3,0.7,0.1,0.6,0,0.3,0.8,0.1,0
Chris Wood,174,Nottingham Forest,33, FW  ,20(11),1810,1,0.7,13.9,64.5,0,0.2,0,6.75,14,0,0,1.5,2.4,3,0.2,0.4,0.2,0.7,1.6,0.2,0,0.7,0,0.8,0.2,0.1,0
Joelinton,23,Newcastle,28," AM(CLR),FW  ",15(5),1281,1,1.2,30.8,83.9,0,0.6,0.2,6.75,2,6,0,1,0.9,1,0.9,1.2,0,1.4,1.1,2,1,1.4,0,0.5,1.2,0.4,0
Guglielmo Vicario,30,Tottenham,28, GK  ,38,3420,0,0,36.1,83.7,0,2.2,0,6.75,0,2,0,0,0.6,0,0,0.2,0,0,0,0,0,0,0,1.2,0,0,0
Malo Gusto,15,Chelsea,21," D(R),M(R)  ",19(8),1756,6,1.2,45.1,89.2,0.6,1.1,0,6.74,0,7,1,0.6,0.3,1,0.6,1.1,0.2,0.4,1.2,2,0.6,0.8,0.2,1.4,0.6,0.1,0
Callum Wilson,23,Newcastle,33, FW  ,9(11),984,1,0.4,7.9,65.2,0,0.1,0,6.74,9,3,0,1.8,0.5,0,0.7,0.9,0.2,1.8,2.4,0.3,0.1,0.8,0,0.2,0.2,0,0
Nathan Aké,167,Man City,30," D(CL),DMC  ",24(5),2044,2,0.3,61,92.8,0,0.7,0,6.73,2,0,0,0.7,1.6,0,0.2,0.6,0,0.1,0.3,0.9,0.5,0.3,0.7,1.8,0.2,0.1,0
Lewis Dunk,211,Brighton,33, D(C)  ,33,2873,1,0.4,97.3,92.5,0,4.5,0.1,6.73,3,7,1,1,1.7,1,0.2,0.4,0,0.1,0.3,0.8,0.9,0.7,0.4,2.7,0.7,1.1,0
Neto,183,Bournemouth,35, GK  ,32,2880,0,0,28.2,60.2,0,5.9,0,6.73,0,5,0,0,0.3,2,0.1,0,0,0,0,0,0,0,0,1.2,0,0,0
Pervis Estupiñán,211,Brighton,27," D(L),M(L)  ",15(4),1248,3,1.4,43.2,88.7,0.8,0.7,0.1,6.73,2,4,0,0.6,0.6,1,0.5,0.9,0.3,0.3,1.1,1.4,1.1,1.2,0.3,1.1,0.8,0.2,1
Jan Paul van Hecke,211,Brighton,24, D(C)  ,26(2),2368,0,0.4,85.7,92.5,0,3.1,0,6.72,0,4,0,0.5,2.4,1,0.2,0.6,0,0.1,0.6,1.7,1.1,0.5,0.6,2.6,0.6,1,0
Chris Richards,162,Crystal Palace,25," D(C),DMC  ",23(3),2092,1,0.2,35.5,83.3,0,1.3,0,6.72,1,3,0,0.4,2.4,0,0,0.3,0,0.2,0.3,1.8,1,0.5,0.3,4.1,0.4,0.5,0
Pablo Sarabia,161,Wolves,32," D(L),M(CLR),FW  ",20(10),1752,7,1.7,27.6,77.1,1.3,1.1,0.2,6.72,4,5,0,1.5,0.2,1,0.6,0.8,0.3,0.8,1.4,0.7,0.3,0.7,0,0.2,0.8,0,0
Willian,170,Fulham,36, AM(CLR)  ,24(7),2061,2,1.4,34.2,85.5,0.7,1.9,0.1,6.72,4,1,0,1.5,0.3,1,0.9,1,0,0.8,1.1,0.6,0.3,0.3,0,0.3,0.6,0,0
Jack Grealish,167,Man City,29," M(CL),FW  ",10(10),1004,1,1.3,27.6,87.7,0.2,0.6,0.2,6.72,3,7,0,1.1,0.2,0,0.9,2.1,0.1,1.1,1,0.7,0.3,0.3,0,0.2,0.3,0.1,0
José Sá,161,Wolves,32, GK  ,35,3039,1,0,25.8,59.2,0,3.1,0,6.72,0,1,0,0,0.4,1,0.1,0.3,0,0,0,0,0,0,0,0.9,0,0,0
Yves Bissouma,30,Tottenham,28, M(C)  ,26(2),2088,0,0.4,65.5,91.9,0,1.5,0,6.72,0,9,2,0.9,0.5,0,1,1.1,0,1.1,1.2,2.9,1.3,1.3,0,1.5,0.7,0.2,0
Maximilian Kilman,161,Wolves,27, D(C)  ,38,3420,0,0.4,60.2,86.3,0,3.8,0,6.71,2,7,0,0.4,2.3,1,0.3,0.5,0.1,0.3,0.2,1.2,1,1,0.5,4.7,0.2,1,0
Mathias Jensen,189,Brentford,29, M(C)  ,27(5),2220,3,1.3,30.4,78.6,1.3,2.6,0.1,6.71,3,5,0,0.4,0.2,1,0.6,0.6,0.1,0.6,1,1.7,0.7,0.9,0,0.8,2.2,0.2,0
Scott McTominay,32,Man Utd,28," D(C),M(C)  ",18(14),1893,1,0.3,20.1,81.5,0,0.6,0,6.71,7,2,0,1.4,1.2,2,0.3,0.7,0.2,0.7,0.9,1.5,0.4,0.9,0,1.7,0.3,0.4,0
Destiny Udogie,30,Tottenham,22," D(L),M(L)  ",28,2398,3,0.9,43.4,87.5,0,0.3,0,6.71,2,5,1,0.3,0.8,0,0.9,1.3,0.1,0.9,1.8,2.4,1.3,1.8,0.4,2.4,0.8,0.3,0
Amadou Onana,31,Everton,23, DMC  ,23(7),2094,0,0.6,34.1,84.9,0,2,0.1,6.71,2,5,0,1,1.8,1,0.4,1.5,0,0.3,0.7,2.4,0.7,1.2,0,1,0.7,0.2,0
Jordan Pickford,31,Everton,31, GK  ,38,3420,0,0.1,37.6,59.4,0,10.5,0,6.71,0,5,0,0,0,1,0,0.2,0,0,0,0,0,0,0,0.9,0,0,1
Emiliano Martínez,24,Aston Villa,32, GK  ,34,3016,0,0.1,37.4,81.4,0,4.8,0,6.71,0,4,0,0,0.1,0,0,0.2,0,0,0,0,0,0,0,0.5,0,0,2
Harvey Elliott,26,Liverpool,21, AM(CR)  ,11(23),1339,6,1.1,26.6,87.7,0.6,1.2,0.1,6.70,3,2,0,1.4,0.3,2,0.3,0.4,0,0.3,0.4,0.8,0.2,0.2,0,0.2,0.6,0,0
Rasmus Højlund,32,Man Utd,22, FW  ,25(5),2172,2,0.9,13,77,0,0.3,0,6.70,10,2,0,1.3,0.8,1,0.6,1,0.5,1,1.7,0.4,0,0.7,0,0.6,0.3,0,0
Marcus Rashford,32,Man Utd,27," AM(CLR),FW  ",26(7),2279,2,0.8,20.7,79.2,0.1,0.8,0.1,6.69,7,2,0,1.9,0.5,0,1.5,0.6,0.4,1.2,1.8,0.6,0.1,0.4,0,0.6,0.5,0,0
Murillo,174,Nottingham Forest,22, D(C)  ,32,2793,2,0.2,45.1,77.5,0,3.7,0,6.69,0,5,0,0.5,1.2,0,0.6,0.2,0,0.5,0.6,1.6,1.2,1.2,0.2,5.8,0.4,0.8,1
Lucas Digne,24,Aston Villa,31," D(CL),M(L)  ",27(6),2413,3,1.1,30.7,81.4,1.1,0.6,0,6.68,1,7,0,0.6,1.3,0,0.3,0.9,0.1,0.5,0.5,1.4,0.8,0.9,0.5,1.8,0.6,0.1,0
Bernd Leno,170,Fulham,33, GK  ,38,3420,0,0,37,77.2,0,4.6,0,6.68,0,3,0,0,0.3,3,0,0.1,0,0,0,0,0,0,0,0.8,0,0,1
Vitaly Janelt,189,Brentford,26," D(L),DMC  ",37(1),3072,3,1,34.4,79.9,0.5,1.6,0.1,6.68,1,8,0,0.6,0.9,1,0.2,0.7,0.1,0.3,0.7,1.7,0.9,0.7,0.1,1.5,0.8,0.2,0
Luis Sinisterra,183,Bournemouth,25," AM(LR),FW  ",7(13),692,2,1,14.1,80.1,0.1,0.7,0,6.68,2,0,0,1.4,0.8,1,1.5,0.3,0.2,0.5,1.2,1.2,0.4,0.6,0,0.2,0.4,0,0
Sean Longstaff,23,Newcastle,27, DMC  ,30(5),2748,2,0.6,34.5,80.9,0.2,1.3,0.1,6.67,6,7,0,1.2,0.5,0,0.3,1,0.1,1,1,1.5,0.5,0.7,0,0.6,1.1,0.2,0
João Gomes,161,Wolves,24, M(C)  ,32(2),2660,1,0.6,36.4,83.3,0.4,0.9,0.1,6.67,2,11,0,0.8,0.5,1,0.8,1.1,0,1.3,1.2,3.8,0.5,1.9,0,0.9,1.6,0.2,0
Mykhailo Mudryk,15,Chelsea,24, AM(L)  ,18(13),1581,2,1,15.4,76.9,0.5,0.5,0.1,6.67,5,5,0,1.1,0.2,0,1.3,0.9,0,0.7,1.7,0.7,0.3,0.7,0,0.2,0.7,0,0
Raúl Jiménez,170,Fulham,33, FW  ,18(6),1404,0,0.5,15.5,69.7,0.1,0.5,0.1,6.67,7,3,1,1.7,1.8,1,0.4,0.9,0.5,1.3,1.8,0.8,0.2,0.7,0,0.5,0.5,0.1,0
Matty Cash,24,Aston Villa,27," D(R),M(CLR)  ",23(6),2144,2,0.4,35.4,84,0.3,1.1,0,6.66,2,8,0,1.1,0.5,1,0.4,0.8,0,0.5,0.7,1.9,0.6,1,0.6,1.8,1,0.5,1
Nathan Collins,189,Brentford,23, D(CR)  ,29(3),2650,1,0.3,45.9,81.5,0,2.2,0,6.66,1,3,0,0.3,2.3,0,0.3,0.7,0.1,0.4,0.7,1.2,1.4,0.4,0.4,4,0.3,0.9,0
Neco Williams,174,Nottingham Forest,23," D(LR),M(LR)  ",18(8),1634,1,0.4,23,72.4,0.5,0.8,0,6.66,0,4,0,0.6,1.2,0,0.7,1.2,0.2,1,1.5,2.7,0.8,0.9,0,1.7,0.8,0.5,0
Dara O'Shea,184,Burnley,26, D(CR)  ,32(1),2895,4,0.4,52.5,79.7,0.1,3.3,0,6.66,3,5,1,0.6,3.8,0,0,0.5,0,0,0.3,1.2,1.1,1.1,0.8,4.8,0.5,0.9,1
Pape Sarr,30,Tottenham,22, M(C)  ,27(7),2087,3,0.6,38.6,88.7,0.1,0.8,0.1,6.66,3,9,0,1.1,0.7,1,0.6,0.5,0,0.4,1.1,1,0.9,0.9,0,0.8,0.6,0.1,0
Josh Cullen,184,Burnley,28, DMC  ,23(2),2060,3,1,53.6,86.7,0.4,1.4,0.1,6.65,2,9,0,0.6,0.8,1,0.1,2,0,0.4,0.7,1.7,0.6,1,0,1,0.8,0.8,0
Elliot Anderson,23,Newcastle,22, M(CL)  ,10(11),1024,2,0.7,19.8,82.9,0.1,0.2,0,6.65,0,3,0,0.9,0.9,1,1,0.9,0,1,1.3,1.1,0.4,1,0,1,0.7,0.2,0
James Trafford,184,Burnley,22, GK  ,28,2520,0,0,48.9,62.1,0,6.5,0,6.65,0,2,0,0,0.6,1,0.1,0.2,0,0,0,0.1,0,0,0,1.4,0,0,0
Alisson Becker,26,Liverpool,32, GK  ,28,2520,0,0,35.6,85.1,0,3,0,6.65,0,1,0,0,0.3,0,0,0.2,0,0,0.1,0,0,0,0,0.8,0,0,0
Moussa Diaby,24,Aston Villa,25," M(CLR),FW  ",25(13),2188,8,1.2,15,82.6,0.3,0.2,0.1,6.65,6,1,0,1.4,0.1,2,0.8,0.4,0.2,0.8,0.9,0.3,0.2,0.4,0,0.1,0.5,0,0
Mark Flekken,189,Brentford,31, GK  ,37,3286,1,0.1,39.1,69.4,0,8.7,0,6.65,0,3,0,0,0.3,2,0.1,0.1,0,0,0,0,0,0.1,0,1.1,0.1,0,0
Teden Mengi,95,Luton,22, D(C)  ,28(2),2470,0,0.2,30.9,78.2,0,2.3,0,6.65,1,3,0,0.4,2,0,0.2,0.2,0,0.2,0.7,1.8,1.9,1.2,0.4,4.5,0.4,0.9,0
Bart Verbruggen,211,Brighton,22, GK  ,21,1890,0,0,35.4,85.6,0,4.3,0,6.64,0,3,0,0,0.3,0,0,0.1,0,0,0,0,0,0,0,0.8,0,0,0
Ezri Konsa,24,Aston Villa,27, D(CR)  ,35,3074,0,0.2,55.8,92.2,0.1,1.3,0,6.64,1,5,0,0.5,0.9,0,0.5,1.8,0,0.5,0.7,1.5,0.8,0.4,1.1,1.9,0.1,0.6,0
Mateo Kovacic,167,Man City,30, M(CL)  ,16(14),1549,0,0.7,50.8,94.1,0,0.7,0.1,6.63,1,4,0,0.7,0.1,0,0.7,0.5,0,0.8,0.5,1.2,0.3,0.6,0.1,0.3,0.3,0,0
Abdoulaye Doucouré,31,Everton,32, M(C)  ,32,2643,2,1.1,27.1,78.5,0.1,0.5,0,6.63,7,7,0,1.5,0.8,0,0.8,0.3,0.7,1.3,1.9,1.3,0.5,1.7,0,0.6,0.9,0.1,0
Ederson,167,Man City,31, GK  ,33,2789,0,0,33.2,85.9,0,5.6,0,6.63,0,5,0,0,0.3,0,0,0.1,0,0,0,0,0,0.1,0,0.5,0,0,0
Timothy Castagne,170,Fulham,29," D(CLR),M(LR)  ",29(5),2634,3,0.5,39.7,81.3,0.3,1.5,0,6.63,1,3,0,0.4,1,0,0.5,0.3,0.1,0.3,0.7,1.4,1.1,0.6,0.2,1.7,0.5,0.3,0
Youri Tielemans,24,Aston Villa,27, M(C)  ,17(15),1622,6,0.6,28.3,86,0.1,1.1,0.2,6.63,2,3,0,0.4,0.4,1,0.5,0.9,0,0.7,0.5,1.3,0.5,0.7,0,0.3,0.8,0.1,0
Wilson Odobert,184,Burnley,20," AM(CLR),FW  ",25(4),2109,2,1.1,18.8,79.4,0.4,0.3,0.1,6.62,3,3,0,1.7,0.3,0,1.8,0.7,0,1,1.7,0.6,0.2,0.3,0,0.4,0.6,0.1,0
Vinicius Souza,163,Sheff Utd,25, DMC  ,29(7),2673,0,0.1,27.2,80.2,0.1,1.1,0,6.62,1,3,0,0.4,1.9,1,0.5,0.4,0.1,0.7,0.9,3.5,0.9,1.3,0.1,2.1,0.9,0.5,0
Djordje Petrovic,15,Chelsea,25, GK  ,22(1),1986,0,0,30.7,76.4,0,4,0,6.62,0,2,0,0,0.3,0,0,0,0,0,0,0,0,0,0,0.9,0,0,0
Jack Harrison,31,Everton,28," AM(CLR),FW  ",25(4),2220,3,1,18.4,72.7,0.5,0.5,0.1,6.62,3,1,0,1.2,0.4,0,1,1,0,1.4,2.3,1.3,0.4,0.7,0,0.7,1.1,0.2,0
Anthony Elanga,174,Nottingham Forest,22," AM(LR),FW  ",25(11),2434,9,0.9,17.9,75.3,0.2,0.2,0.1,6.62,5,1,0,1.5,0.5,1,0.8,0.7,0.5,0.6,1.9,0.9,0.2,0.3,0,0.4,0.6,0.1,0
Ola Aina,174,Nottingham Forest,28," D(CLR),M(LR)  ",20(2),1701,1,0.5,28.8,80,0.3,0.9,0,6.62,1,3,0,0.5,0.8,1,1.2,1.1,0.1,0.5,1.1,2.1,0.8,0.8,0.1,1.9,0.5,0.1,0
Harvey Barnes,23,Newcastle,27, AM(CL)  ,7(14),795,3,0.6,12.1,79.1,0.1,0.1,0,6.61,5,2,0,1.3,0.2,0,0.3,1,0.1,0.8,0.6,0.3,0.2,0.2,0,0.1,0,0,0
Gabriel Osho,95,Luton,26," D(CR),DMC  ",21,1848,0,0.1,33.4,82.5,0,1.3,0,6.61,2,3,0,0.5,1.8,0,0.3,0.7,0,0.5,0.6,2,1.5,1.1,0.3,4.2,0.5,1,0
Kristoffer Ajer,189,Brentford,26," D(CLR),DMC  ",21(7),1836,1,0.4,25.8,75.9,0.2,1.1,0,6.61,2,5,0,0.4,2.3,0,0.4,0.4,0,0.2,0.6,1.4,0.9,0.9,0.3,2.8,0.5,0.4,0
Josh Brownhill,184,Burnley,29, M(CR)  ,23(10),2253,2,1,31.2,80.3,0.4,1.3,0,6.61,4,4,1,0.8,1.1,1,0.2,0.7,0.1,0.4,0.5,1.8,1,1.2,0,1.2,0.3,0.2,0
Nicolás Domínguez,174,Nottingham Forest,26, M(CLR)  ,19(7),1505,2,0.4,31.9,85.4,0.1,1,0.1,6.61,2,4,0,0.8,0.8,1,0.3,0.6,0.1,0.3,0.8,2.4,0.7,1,0,0.9,1,0.2,0
Pau Torres,24,Aston Villa,28, D(C)  ,27(2),2464,0,0.3,61,87.8,0.1,2.9,0,6.61,2,1,0,0.4,0.8,1,0.6,0.3,0.1,0.4,0.3,1,0.5,0.6,0.7,2.6,0.6,0.4,0
Dango Ouattara,183,Bournemouth,23," D(L),M(LR),FW  ",12(18),1222,2,0.6,14.9,67.6,0.3,0.6,0,6.61,1,3,0,1,1.2,2,0.7,0.6,0.1,0.4,0.8,1.5,0.7,0.5,0.1,1.1,0.5,0.1,0
Joe Gomez,26,Liverpool,27, D(CLR)  ,17(15),1779,1,0.7,35.9,86.2,0.2,1.5,0,6.60,0,5,0,0.6,1,0,0.5,0.5,0,0.3,0.8,1.5,0.6,0.9,0.1,1.4,1,0.1,0
Michail Antonio,29,West Ham,35," D(R),M(CLR),FW  ",21(5),1711,2,0.3,10.3,64.6,0.1,0.3,0,6.60,6,6,0,1.2,1.3,1,1.1,1.1,0.3,1.5,2.7,0.6,0.2,1,0,0.2,0.3,0.1,0
Jonny Evans,32,Man Utd,37, D(CL)  ,15(8),1396,1,0.3,35.9,87.9,0,0.7,0,6.60,0,2,0,0,1.6,0,0.2,0.6,0,0.1,0.2,1,1,0.7,0.4,3.2,0.4,0.8,0
Nélson Semedo,161,Wolves,31," D(CLR),M(R)  ",36,3091,1,0.7,42.1,80.9,0.4,1.3,0,6.60,0,11,1,0.5,0.6,0,1.4,0.8,0,1,1.6,2.2,1,1.3,0.2,2.2,0.7,0.2,0
Miguel Almirón,23,Newcastle,31," AM(CLR),FW  ",23(10),1947,1,0.7,23.2,85.8,0.1,0.4,0.1,6.60,3,2,0,1.2,0.2,0,0.7,0.7,0.3,0.8,0.9,1.1,0.3,0.5,0,0.4,0.5,0.1,0
Takehiro Tomiyasu,13,Arsenal,26, D(CLR)  ,10(12),1144,1,0.3,27.6,85.5,0.2,0.7,0,6.60,2,0,1,0.8,1.2,0,0.2,0.4,0,0.1,0.6,0.9,0.8,0.6,0.1,1.4,0.3,0.2,0
Wataru Endo,26,Liverpool,32, DMC  ,20(9),1723,0,0.6,45,88.4,0.1,1,0.1,6.59,1,10,0,0.3,1.1,0,0.3,0.9,0,0.8,0.9,1.7,0.7,1.7,0,1,1.4,0.1,0
Elijah Adebayo,95,Luton,27, FW  ,16(11),1419,0,0.5,7.3,72.6,0,0,0,6.59,10,1,0,1.1,1.6,1,0.7,0.6,0.5,1.3,2.3,0.1,0.2,1,0,0.9,0.4,0.1,0
Axel Disasi,15,Chelsea,27, D(CR)  ,29(2),2581,0,0.1,70.9,90.6,0,1.5,0.1,6.58,2,6,0,0.5,2.4,1,0.4,0.5,0.1,0.4,0.5,1.1,0.6,0.5,0.8,3.1,0.2,0.6,1
Vladimír Coufal,29,West Ham,32," D(CR),M(R)  ",36,3140,7,0.9,34.1,73,0.7,1.1,0,6.58,0,5,1,0.2,1.1,0,0.3,0.7,0,0.4,0.8,1.8,1.2,0.9,0.2,2.3,1,0.4,0
Jakub Kiwior,13,Arsenal,25," D(CL),DMC  ",11(9),946,3,0.3,27.2,85.8,0.2,1.1,0,6.58,1,1,0,0.3,0.8,0,0.1,0.2,0,0.1,0.4,1,0.4,0.5,0.2,1.2,0.3,0.2,0
Taiwo Awoniyi,174,Nottingham Forest,27, FW  ,12(8),1047,3,0.5,8.6,73.8,0,0.1,0.1,6.58,6,2,0,1.1,1.1,0,0.4,0.8,0.7,0.6,1.9,0.5,0.1,0.5,0,0.5,0.1,0.1,0
Sander Berge,184,Burnley,27, M(C)  ,34(3),3009,2,0.8,41.8,88.8,0,2.2,0.1,6.58,1,8,1,0.7,1.8,1,0.5,0.5,0.1,0.6,0.6,2.1,0.6,1.1,0.1,1.6,0.6,0.5,0
Gustavo Hamer,163,Sheff Utd,27," D(R),M(CL)  ",34(2),2924,6,1.9,27.3,73.5,0.9,1.2,0,6.58,4,9,0,1.4,0.2,0,0.8,0.5,0.2,0.5,1,1.1,0.8,1.4,0,0.9,1.2,0.3,0
Danny Welbeck,211,Brighton,34," AM(CLR),FW  ",21(8),1707,1,0.8,17.4,83.2,0,0,0,6.58,5,4,0,1.4,0.6,0,0.3,0.7,0.3,0.7,1.6,1.2,0.3,0.4,0,0.6,0.2,0,0
Lyle Foster,184,Burnley,24," AM(L),FW  ",22(2),1908,3,0.8,18.8,68.1,0,0.4,0,6.57,5,0,1,1.4,2.1,0,0.8,0.5,0.6,1.4,2.9,0.8,0.1,1,0,1.4,0.5,0.1,0
Raphaël Varane,32,Man Utd,31, D(C)  ,16(6),1374,0,0,35.2,89.3,0,1.3,0,6.57,1,2,0,0.4,1,0,0,0.1,0.1,0.1,0.3,0.8,0.7,0.4,0.4,3.9,0.2,0.8,0
Reece Burke,95,Luton,28, D(CR)  ,20(2),1666,4,0.6,31.1,77.5,0.2,1.6,0,6.57,0,5,0,0.6,2.1,0,0.2,0.5,0,0.2,0.8,1.7,0.8,0.9,0.1,3.3,0.6,0.8,0
Odsonne Édouard,162,Crystal Palace,27," AM(L),FW  ",17(13),1556,0,0.6,11.2,73.3,0.1,0.1,0,6.56,7,4,0,1.7,1.1,0,0.6,0.7,0.3,0.9,1.8,0.8,0.2,1,0,0.6,0.5,0,0
Konstantinos Mavropanos,29,West Ham,27, D(CR)  ,16(3),1501,0,0.2,33,76.7,0,2.1,0,6.55,1,2,0,0.6,2.3,0,0.1,0.5,0,0,0.4,1.5,1.2,0.8,0.3,4.1,0.2,0.7,2
Marc Guéhi,162,Crystal Palace,24, D(C)  ,23(2),2023,1,0.3,52,87.2,0,3.4,0,6.55,0,2,0,0.2,1.2,0,0.3,1,0,0.1,0.4,1.1,0.7,0.6,0.7,3.5,0.4,0.7,0
Justin Kluivert,183,Bournemouth,25," AM(CLR),FW  ",26(6),1937,1,0.7,11.9,72.4,0.2,0.4,0,6.55,7,5,0,1.8,0.4,0,0.8,0.9,0.2,0.9,1.6,0.9,0.3,1.6,0,0.3,0.7,0,0
Issa Kaboré,95,Luton,23," D(R),M(R)  ",21(3),1734,2,0.7,22.5,76,0.6,0.6,0,6.55,0,7,0,0.3,0.8,1,0.8,1.3,0.1,0.3,1,2.2,0.7,1.1,0,1.9,0.9,0.5,1
Danilo,174,Nottingham Forest,23, M(C)  ,20(9),1801,2,0.7,25,80.5,0.1,1.6,0,6.55,2,4,0,0.8,0.5,0,0.6,0.3,0.1,0.4,0.8,1.2,1.2,0.4,0,1.4,0.9,0.3,0
Toti Gomes,161,Wolves,26, D(CL)  ,31(4),2779,3,0.2,48.9,82.8,0,1.3,0,6.55,1,7,0,0.3,1.6,1,0.7,0.4,0.1,0.2,0.5,1.3,0.7,1.1,0.3,2.5,0.4,0.5,0
Antony,32,Man Utd,25, AM(R)  ,15(14),1324,1,0.8,19.3,80,0.1,0.4,0.1,6.54,1,5,0,1.5,0.1,1,0.9,1.1,0.1,0.7,0.9,1.4,0.4,0.7,0,0.3,0.7,0,0
David Raya,13,Arsenal,29, GK  ,32,2880,0,0,28.3,70.8,0,4.5,0,6.54,0,2,0,0,0.2,0,0,0.1,0,0,0,0,0,0,0,0.4,0,0,0
Eddie Nketiah,13,Arsenal,25," AM(C),FW  ",10(17),1073,2,0.3,7.7,79.9,0,0,0.1,6.53,5,3,0,1.4,0.9,1,0.3,1,0.3,0.7,1.4,0.4,0.1,0.9,0,0.1,0.2,0,0
Illia Zabarnyi,183,Bournemouth,22, D(C)  ,37,3330,0,0.2,48.7,81.6,0,3.5,0,6.53,1,5,0,0.2,2.1,0,0.2,0.6,0,0.1,0.4,1.6,0.9,0.6,0.3,3.7,0.7,0.9,0
Will Hughes,162,Crystal Palace,29, M(CLR)  ,23(7),1899,1,0.7,28.2,85.1,0.3,0.3,0,6.53,0,6,0,0.3,0.4,0,0.3,1,0,0.9,0.7,2,0.7,1.3,0,0.7,0.8,0.5,0
Harry Wilson,170,Fulham,28, AM(CLR)  ,16(19),1616,6,0.6,16.6,79.2,0.3,0.8,0.1,6.52,4,6,0,1.1,0.1,2,0.4,1.1,0.1,0.3,0.9,0.6,0.3,0.6,0,0.3,0.5,0.1,0
Tom Cairney,170,Fulham,34, M(CR)  ,14(20),1480,4,0.8,36.5,90.3,0.1,1.2,0,6.52,1,3,0,0.5,0.4,0,0.8,0.7,0,0.7,0.9,0.7,0.4,0.5,0,0.2,0.4,0.1,1
Nathaniel Clyne,162,Crystal Palace,33," D(CLR),M(R)  ",14(5),1339,0,0.2,28.1,84.2,0.1,1.4,0,6.52,0,0,0,0.2,0.7,0,0.4,0.2,0,0,0.7,1.3,0.5,0.3,0.2,1.5,0.4,0.3,0
Kurt Zouma,29,West Ham,30, D(CR)  ,32(1),2841,0,0.1,34.6,83.9,0,2.1,0,6.52,3,3,0,0.5,1.8,1,0.1,0.2,0,0.1,0.4,0.7,0.9,0.7,0.5,4.8,0.2,0.8,0
Igor Julio,211,Brighton,27," D(CL),M(L)  ",17(7),1638,0,0.3,59,93.6,0,1,0,6.52,0,4,0,0.2,1.1,0,0.7,0.2,0,0.3,0.4,1,0.6,0.9,0.3,1.9,0.5,0.4,0
Adam Smith,183,Bournemouth,33," D(LR),M(LR)  ",25(3),2158,2,0.6,27.4,77.1,0.6,0.8,0.1,6.51,0,6,0,0.1,0.7,0,0.1,0.8,0,0.3,0.5,1.3,0.8,1.1,0.3,1.8,0.7,0.4,0
Emerson Royal,30,Tottenham,26," D(CLR),M(R)  ",11(11),1155,0,0.1,43.1,91.2,0.1,0.9,0,6.51,1,4,0,0.3,0.7,1,0.5,1.7,0,0.5,0.7,1.6,0.9,0.6,0.4,2,1,0.5,0
Joël Veltman,211,Brighton,33," D(CR),M(R)  ",17(10),1583,1,0.1,30,84.9,0,1.1,0,6.51,1,4,0,0.2,1.1,0,0,1.6,0,0.3,0.8,2,0.7,0.6,0.1,1.9,0.7,0.3,0
Zeki Amdouni,184,Burnley,24," AM(CR),FW  ",27(7),1972,1,0.5,14.4,80.9,0,0.5,0.1,6.51,5,2,0,1.4,0.5,1,0.9,1.1,0.1,0.9,2,0.8,0.3,0.6,0.1,0.3,0.5,0.3,0
Thomas Kaminski,95,Luton,32, GK  ,38,3406,0,0,34.5,55,0,8.2,0,6.51,0,3,0,0,0.1,0,0.1,0.1,0,0,0,0.1,0,0,0,0.6,0.1,0,0
Harry Toffolo,174,Nottingham Forest,29," D(L),M(L)  ",15(8),1456,3,0.8,19.4,76.2,0.7,0.7,0,6.50,1,3,0,0.3,1.1,0,0,0.1,0,0.2,0.3,1.1,0.6,0.7,0,1.9,0.4,0.6,0
Tino Livramento,23,Newcastle,22, D(LR)  ,12(14),1306,0,0.5,26,86.8,0.2,0.5,0,6.50,1,1,0,0.2,0.5,0,0.7,1.1,0,0.7,0.7,0.9,1,0.1,0.1,1.4,0.4,0.3,0
Amari'i Bell,95,Luton,30," D(CL),M(L)  ",21,1722,0,0.4,37.6,79.6,0,1.4,0,6.50,0,0,0,0.1,1,0,0.5,0.8,0,0.2,0.9,2.4,1.2,1,0.3,2.6,0.6,0.7,0
Ryan Yates,174,Nottingham Forest,27, M(C)  ,21(14),1986,1,0.2,23.4,80.2,0,0.8,0,6.50,1,6,0,0.9,1.2,1,0.1,1.6,0.1,0.3,0.7,1.9,0.6,1.5,0,1.1,0.5,0.4,0
Victor Lindelöf,32,Man Utd,30, D(CLR)  ,14(5),1333,1,0.4,46.1,89.5,0,1.4,0.1,6.50,1,2,0,0.3,0.9,1,0.1,0.1,0.2,0.2,0.3,0.8,0.6,0.8,0.2,2,0.4,0.5,0
Ryan Gravenberch,26,Liverpool,22, DMC  ,12(14),1122,0,0.6,19,83.4,0,0.2,0.1,6.49,1,0,0,0.9,0.4,0,0.9,0.6,0,0.5,1.8,1,0.5,0.8,0,0.4,0.7,0.1,0
Jóhann Gudmundsson,184,Burnley,34, M(CLR)  ,12(14),1194,3,1.3,17.9,78.3,1,1.1,0.1,6.49,1,2,0,0.6,0.5,0,0.2,0.8,0.1,0.6,0.8,0.5,0.6,0.3,0,0.6,0.3,0,0
Giovani Lo Celso,30,Tottenham,28," M(CR),FW  ",4(18),498,2,0.8,22,91.5,0.2,0.8,0.1,6.49,2,2,0,0.6,0,1,0.4,1.2,0,0.3,0.5,1,0.2,0.5,0,0.1,0.2,0,0
Evan Ferguson,211,Brighton,20, FW  ,15(12),1366,0,0.2,11.1,81.3,0,0.1,0,6.49,6,1,0,1.2,0.5,1,0.3,0.9,0.2,1.1,1.5,0.5,0.1,0.9,0,0.3,0.3,0.1,0
Neal Maupay,189,Brentford,28," AM(C),FW  ",13(16),1317,3,0.5,12.8,72.8,0.1,0.5,0.1,6.48,6,8,0,1.3,0.5,2,0.3,0.9,0.1,0.8,1,0.3,0.1,0.7,0,0.1,0.3,0,0
Jeffrey Schlupp,162,Crystal Palace,32," D(L),M(CLR)  ",17(12),1357,2,0.7,11.1,75.9,0.1,0.2,0,6.48,2,1,0,0.7,0.8,1,0.6,0.5,0,0.8,1.4,1.3,0.3,0.8,0,0.6,0.3,0.1,0
Facundo Buonanotte,211,Brighton,20, AM(CR)  ,17(10),1370,1,0.7,17.4,85.3,0,0.2,0,6.47,3,7,0,0.8,0.2,0,0.7,1.5,0.1,1.2,1.6,1.6,0.3,1.3,0,0.2,1.1,0.1,0
Keane Lewis-Potter,189,Brentford,24," D(L),M(CLR),FW  ",15(15),1442,1,0.4,11.9,77.4,0.2,0.3,0,6.47,3,0,0,1.4,0.5,0,0.7,0.6,0.1,0.6,1,0.6,0.2,0.3,0.1,0.7,0.3,0.1,0
Philip Billing,183,Bournemouth,28," M(C),FW  ",13(16),1393,2,0.8,17.3,78.4,0.2,0.6,0,6.47,2,3,1,1,1.2,0,0.4,0.4,0,0.6,0.9,1.1,0.7,0.7,0,0.9,0.6,0.2,0
Curtis Jones,26,Liverpool,24, M(CL)  ,14(9),1168,1,0.5,32.6,91.5,0,0.5,0,6.47,1,3,1,0.8,0.3,0,0.7,0.6,0.2,1.4,0.7,1.2,0.3,0.7,0,0.3,0.6,0,0
Charlie Taylor,184,Burnley,31," D(CL),M(L)  ",25(3),2332,1,0.5,37.2,78.9,0.5,1.8,0,6.47,1,8,0,0.4,1.5,0,0.3,0.6,0.1,0.4,0.6,1.3,0.7,0.7,0.3,2.4,0.6,0.4,0
Jayden Bogle,163,Sheff Utd,24," D(R),M(R)  ",32(2),2795,0,0.3,22.7,69.7,0.3,1,0,6.47,3,9,0,0.9,1.5,0,0.7,0.6,0.1,0.8,1.5,1.9,0.9,1.1,0.2,2.5,1,0.3,1
Alex Scott,183,Bournemouth,21, M(CR)  ,11(12),1013,1,1,18.8,81,0.3,0.7,0,6.46,1,3,0,0.7,0.7,1,0.6,1.1,0,0.5,0.7,1,0.5,0.9,0,0.7,0.7,0.2,0
Calvin Bassey,170,Fulham,25, D(CL)  ,25(4),2302,0,0,57.5,86.2,0,2.9,0,6.46,1,4,1,0.2,1,0,0.4,0.4,0.1,0.3,0.4,1.7,1,0.5,0.4,2.8,0.3,0.4,0
Álex Moreno,24,Aston Villa,31," D(L),M(L)  ",11(10),1031,0,0.5,19.4,83.3,0.2,0.6,0,6.46,2,2,0,0.4,0.2,0,0.7,0.8,0.1,0.3,0.7,0.9,0.6,0.5,0.3,1.6,0.3,0.1,1
Orel Mangala,174,Nottingham Forest,27, M(C)  ,19(1),1571,0,0.3,32.1,88.6,0.1,1.2,0,6.45,1,6,0,0.5,0.5,0,0.7,1.1,0,0.9,0.9,1.4,1.3,1.2,0,1.4,0.8,0.3,0
Wes Foderingham,163,Sheff Utd,34, GK  ,29(1),2648,0,0,31.5,52.6,0,7.6,0,6.45,0,2,0,0,0.2,1,0.1,0.4,0,0,0,0.2,0,0,0,1,0,0,1
Jacob Brown,95,Luton,26," M(CLR),FW  ",12(7),1020,0,0.4,12.1,56.3,0.2,0.2,0,6.45,2,4,0,1.4,2.3,1,0.3,1,0.3,1.3,1.3,1,0.4,1,0.1,0.9,0.6,0.1,0
Jacob Bruun Larsen,184,Burnley,26," AM(CLR),FW  ",16(16),1252,0,0.8,14.3,76.8,0.7,0.4,0,6.45,6,1,0,1.4,0.4,0,0.6,0.2,0.3,0.3,0.9,0.3,0.2,0.4,0,0.7,0.4,0.1,0
Joel Ward,162,Crystal Palace,35," D(CLR),DMC,M(R)  ",23(3),1982,1,0.1,30.9,75.7,0.1,1.5,0,6.45,0,4,0,0.4,1.8,0,0.3,0.2,0,0.1,0.5,1.7,0.5,0.8,0.1,3.2,0.7,0.4,1
Sam Johnstone,162,Crystal Palace,32, GK  ,20,1797,0,0,26.6,52.9,0,6.9,0,6.44,0,1,0,0,0.1,2,0,0,0,0,0,0.1,0.1,0.1,0,0.7,0,0,0
Mads Roerslev,189,Brentford,25," D(R),M(R)  ",22(12),1985,2,0.4,17.8,68.9,0.7,0.6,0,6.44,1,1,0,0.2,0.4,1,0.3,0.4,0.1,0.4,0.7,1.4,0.6,0.3,0.1,1.8,0.8,0.1,0
Frank Onyeka,189,Brentford,27, DMC  ,11(15),1157,2,0.5,14.4,77.6,0.2,0.5,0,6.43,1,8,0,0.8,0.4,0,0.4,1.2,0.2,0.5,1.3,1.4,0.9,0.9,0,0.7,0.5,0.3,0
Milos Kerkez,183,Bournemouth,21," D(L),M(L)  ",22(6),1976,1,0.4,22.4,77.2,0.4,0.8,0,6.42,0,4,1,0.6,0.6,0,0.4,0.8,0,0.4,1,1.7,0.7,0.9,0.1,2,0.4,0.4,1
Cameron Archer,163,Sheff Utd,23, FW  ,21(8),1836,1,0.8,11.3,80.7,0.1,0.1,0,6.42,4,1,0,1.4,0.2,0,1,0.7,0.4,1.6,2.1,0.6,0,0.5,0,0.3,0.3,0.1,0
Nayef Aguerd,29,West Ham,29, D(C)  ,21,1859,0,0.2,55.4,80.5,0,5,0,6.42,1,1,1,0.7,2.3,0,0.1,0.3,0,0.1,0.5,1.2,0.8,0.5,0.3,3.8,0.3,1.1,0
Bobby De Cordova-Reid,170,Fulham,32," D(R),M(CLR),FW  ",17(16),1428,2,0.5,13.4,79,0.2,0.3,0,6.41,6,4,0,1,0.4,0,0.2,0.8,0.1,0.3,1,0.7,0.2,0.5,0,0.4,0.4,0.1,0
Mikkel Damsgaard,189,Brentford,24, AM(CL)  ,7(16),834,2,0.4,17.1,73.6,0.1,1,0,6.41,0,2,0,0.4,0.5,0,0.4,0.3,0.1,0.3,0.8,1.3,0.5,0.6,0,0.4,1.1,0,0
Jorginho,13,Arsenal,33, DMC  ,10(14),920,2,0.4,32.2,90.2,0,1.6,0.2,6.41,0,1,0,0.2,0.3,0,0.1,0.6,0,0.2,0.2,1,0.5,0.4,0,0.3,0.5,0,0
Nathan Patterson,31,Everton,23," D(R),M(R)  ",9(11),1000,2,0.4,20.4,73,0.4,1.4,0.1,6.41,0,4,0,0.2,0.4,0,0.4,0.3,0.1,0.3,1,1.7,0.5,0.9,0.1,1.4,1.2,0.2,0
Ashley Young,31,Everton,39," D(LR),M(LR)  ",27(4),2291,0,0.7,25,72.4,0.8,1.5,0,6.40,0,5,1,0.4,0.6,0,0.4,0.8,0,0.4,0.5,1.7,0.7,1.1,0.1,1.5,0.8,0.2,1
Lloyd Kelly,183,Bournemouth,26, D(CL)  ,17(6),1558,1,0.4,33.6,77.6,0.2,2.4,0,6.40,0,2,0,0.2,1.2,0,0.1,0.6,0,0.3,0.9,1,0.6,0.7,0.2,2.6,0.5,0.5,0
Billy Gilmour,211,Brighton,23, DMC  ,24(6),2126,1,0.7,68.8,92.2,0.4,2.1,0.1,6.39,0,8,1,0.8,0.4,0,0.3,1,0,0.3,0.9,0.9,0.4,0.7,0,0.5,0.8,0.3,0
Rodrigo Bentancur,30,Tottenham,27, M(C)  ,13(10),1010,1,0.3,34.2,85.5,0,0.9,0.1,6.39,1,7,0,0.8,0.6,0,0.5,0.7,0,0.8,0.7,1,0.7,0.9,0,0.7,0.6,0.2,0
James McAtee,163,Sheff Utd,22, AM(CR)  ,20(10),1826,3,0.9,16.3,72,0.3,0.2,0.1,6.38,3,2,0,0.9,0.4,0,1.1,1,0,1.3,1.6,1.1,0.4,0.5,0,0.5,0.7,0,0
Matt Doherty,161,Wolves,33," D(CLR),M(LR)  ",9(21),1144,0,0.4,18.8,79.3,0,1,0,6.38,1,2,0,0.3,1.3,0,0.2,0.4,0.2,0.2,0.6,1,0.2,0.4,0,1.2,0.4,0.2,0
Diego Carlos,24,Aston Villa,32, D(C)  ,20(7),1812,0,0.1,49.6,88.4,0,2.4,0,6.36,0,4,0,0.4,0.8,0,0.1,0.1,0,0.1,0.3,1,0.5,1,1.3,2.9,0.3,0.7,0
Christian Eriksen,32,Man Utd,33," M(CLR),FW  ",12(10),1141,2,1.2,34.3,84.1,0.5,1.5,0.1,6.36,1,1,0,0.6,0.1,0,0.1,0.1,0,0.6,0.4,0.8,0.2,0.3,0,0.5,1,0.3,0
Moussa Niakhaté,174,Nottingham Forest,29, D(CL)  ,15(6),1459,0,0.1,32.8,85.5,0,1.5,0,6.36,1,3,1,0.2,0.8,0,0.1,0.2,0,0.1,0.2,2,0.7,0.5,0.1,2.3,0.2,0.6,0
Jordan Clark,95,Luton,31, M(CLR)  ,14(9),1307,1,0.5,21,74.1,0.3,1.1,0,6.36,1,4,0,0.7,0.8,1,0.5,1.1,0.2,0.9,1.1,1.3,0.5,0.6,0,0.6,1.2,0.1,0
Jack Robinson,163,Sheff Utd,31," D(CL),M(L)  ",31(3),2886,1,0.4,31.3,77.3,0.1,2.1,0,6.36,1,10,0,0.4,2.1,0,0.1,0.5,0,0.1,0.5,1.3,1,0.6,0.4,3.7,0.4,1,2
Sasa Lukic,170,Fulham,28, M(C)  ,13(11),1120,0,0.5,20.4,87.5,0,0.5,0.1,6.36,1,3,0,0.5,0.5,0,0.2,0.4,0,0.4,0.5,1.4,0.7,1.1,0,0.8,0.9,0.2,0
Tahith Chong,95,Luton,25," M(CLR),FW  ",20(13),1987,0,0.3,15.2,81.8,0.2,0.5,0.1,6.34,4,4,0,0.9,0.3,0,0.8,1.9,0.1,1.2,1.8,1.1,0.2,0.6,0.1,0.3,0.5,0.2,0
Auston Trusty,163,Sheff Utd,26, D(CL)  ,28(4),2573,0,0.3,26.3,79,0.1,1.1,0,6.34,0,4,0,0.3,2,0,0.2,0.4,0.1,0.1,0.5,1.5,1.1,0.7,0.4,4.5,0.7,0.7,0
Harrison Reed,170,Fulham,30," D(R),M(CR)  ",15(12),1325,2,0.5,26.7,85.3,0.1,0.8,0,6.34,0,6,0,0.3,0.4,0,0.2,0.4,0,0.5,0.7,1.1,0.4,1,0,0.8,0.7,0.3,0
Andros Townsend,95,Luton,33," AM(CLR),FW  ",14(13),1210,3,0.7,12.9,80.2,0.6,0.6,0,6.34,1,1,0,0.7,0,0,0.6,0.4,0.1,1,1.3,0.8,0.2,0.5,0,0.3,0.5,0,0
Carlos Baleba,211,Brighton,21, DMC  ,15(12),1324,0,0.3,28.6,92.2,0,0.7,0,6.33,0,7,0,0.8,0.9,0,0.4,1,0,0.6,0.6,1.5,0.7,1.5,0,1,0.9,0.3,0
Jhon Durán,24,Aston Villa,21, FW  ,3(20),463,0,0.2,5,71.1,0,0,0,6.32,5,5,0,0.9,0.9,1,0.1,0.3,0.2,0.6,0.7,0.3,0,0.5,0,0.4,0.2,0,0
Pierre-Emile Højbjerg,30,Tottenham,29, M(C)  ,8(28),1294,0,0.3,38.4,88.6,0,2.1,0,6.32,0,4,0,0.5,0.2,0,0.3,0.5,0,0.3,0.6,0.9,0.5,0.6,0.1,0.8,0.6,0.2,1
Jean-Ricner Bellegarde,161,Wolves,26, M(CLR)  ,10(12),953,1,0.5,12.8,84.3,0.1,0.2,0,6.32,2,0,1,0.7,0.4,1,0.8,1.1,0.1,0.9,1.1,0.8,0.4,0.5,0,0.6,0.4,0.1,0
Beto,31,Everton,27, FW  ,9(21),939,0,0.4,5.8,61.5,0,0.2,0,6.32,3,2,0,1.4,1.6,1,0.5,0.6,0.3,0.7,1.6,0.5,0,0.7,0,0.4,0.3,0,0
Tariq Lamptey,211,Brighton,24," D(LR),M(R)  ",10(9),916,3,0.5,19.5,87.9,0.5,0.4,0,6.32,0,3,0,0.3,0.2,0,0.3,0.9,0.2,0.1,1.2,1.1,0.3,0.6,0.3,0.3,0.5,0.2,0
Oliver Norwood,163,Sheff Utd,33, M(C)  ,16(11),1433,0,0.6,31.7,72.2,0.6,2.5,0,6.31,1,8,0,0.6,0.5,0,0,0.3,0,0.1,0.3,1.5,0.8,0.6,0,1.3,1,0.3,0
Vitinho,184,Burnley,25," D(LR),M(LR)  ",26(6),2320,2,0.3,23.6,77.1,0.2,0.8,0,6.31,0,1,0,0.8,0.6,0,0.8,0.9,0.2,0.8,1.1,2,0.4,0.8,0.3,1.3,1.3,0.2,0
Tommy Doyle,161,Wolves,23, M(C)  ,11(15),1216,0,0.3,35,86.4,0.2,2.9,0,6.30,0,2,0,0.5,0,0,0,0.2,0,0.3,0.3,1,0.5,0.4,0,0.7,0.3,0.3,0
Jay Rodriguez,184,Burnley,35," AM(CLR),FW  ",7(14),815,1,0.2,10.2,66,0,0.3,0,6.29,2,0,0,1,1,0,0.3,0.3,0.3,0.2,1,0.7,0,0.9,0,0.3,0.3,0,0
Anel Ahmedhodzic,163,Sheff Utd,26, D(C)  ,29(2),2650,0,0.2,31,75.6,0,1.5,0,6.28,2,9,1,0.6,1.7,1,0.4,0.4,0.1,0.4,0.5,2.1,1.1,1.1,0.4,4.3,0.6,0.8,0
Yehor Yarmoliuk,189,Brentford,21, M(C)  ,6(21),676,0,0.1,10.4,77.3,0,0.3,0,6.27,0,2,0,0.4,0.3,0,0.6,0.2,0,0.4,0.6,0.6,0.2,0.4,0,0.2,0.4,0.1,0
Cauley Woodrow,95,Luton,30," AM(C),FW  ",2(22),411,1,0.4,5.8,74.8,0.2,0,0,6.26,1,2,0,0.7,0.5,0,0.1,0.2,0.1,0.3,0.4,0.7,0,0.3,0,0.5,0.3,0,0
Ansu Fati,211,Brighton,22," AM(L),FW  ",3(16),514,0,0.3,10.7,87.3,0,0.3,0.1,6.26,2,2,0,1.4,0.1,0,0.3,0.7,0.1,0.5,0.8,0.3,0.2,0.3,0,0.2,0.5,0,0
Max Aarons,183,Bournemouth,25, D(R)  ,13(7),1233,1,0.4,22.6,76.7,0.2,1,0.1,6.25,0,1,0,0.1,0.3,0,0.7,1.3,0.1,0.4,0.7,1.5,0.4,0.6,0.2,1.1,0.7,0.3,0
Sofyan Amrabat,32,Man Utd,28," D(L),DMC  ",10(11),933,0,0.3,30.7,88.1,0,1.7,0,6.24,0,6,0,0.1,0.2,0,0.3,0.5,0,0.5,0.4,1.3,0.4,1.1,0,0.9,0.7,0.3,0
Saman Ghoddos,189,Brentford,31," M(CLR),FW  ",7(12),730,0,0.5,19.4,76.4,0.6,0.7,0,6.24,1,5,0,0.5,0.2,0,0.2,0.5,0.1,0.2,0.5,1.5,0.3,0.7,0.1,0.5,0.7,0.1,0
Hugo Bueno,161,Wolves,22," D(L),M(L)  ",7(15),731,0,0.3,15,80.6,0.5,0.2,0,6.24,0,1,0,0.2,0.4,0,0.4,0.3,0,0.6,0.3,1,0.3,0.3,0,0.9,0.3,0.2,1
Nicolò Zaniolo,24,Aston Villa,25," AM(CLR),FW  ",9(16),831,0,0.4,8.3,71.6,0,0.1,0,6.24,2,7,0,1.1,0.3,0,0.5,0.8,0,1.4,1.2,0.8,0,1,0,0.4,0.3,0,0
Divock Origi,174,Nottingham Forest,29," AM(LR),FW  ",6(14),601,1,0.4,6.6,67.9,0.2,0.3,0.2,6.21,0,1,0,0.7,0.6,0,0.5,0.4,0.3,0.5,0.8,0.3,0.1,0.7,0,0.1,0,0,0
Oliver Skipp,30,Tottenham,24, DMC  ,5(16),695,0,0.3,17.8,91.7,0,0.7,0,6.20,0,3,0,0.2,0.2,0,0.1,0.6,0,0.3,0.4,0.9,0.1,0.4,0,0.3,0.3,0,0
Boubacar Traoré,161,Wolves,23, DMC  ,7(17),806,0,0.3,18.5,84.9,0.1,0.6,0,6.20,0,4,0,0.5,0.3,0,0.4,0.2,0,0.7,0.5,1.5,0.2,1,0,0.3,0.5,0.1,0
Andre Brooks,163,Sheff Utd,21, AM(CR)  ,12(8),944,0,0.2,12.4,77.3,0,0.2,0,6.19,0,1,0,0.5,0.6,0,0.7,0.5,0,1,1.1,1.1,0.7,0.6,0,0.7,0.6,0.1,0
Danny Ings,29,West Ham,32," AM(C),FW  ",3(17),392,0,0.3,5.3,72.4,0,0.1,0,6.19,1,1,0,0.6,0.2,0,0.3,0.3,0.1,0.2,0.5,0.3,0.2,0.2,0,0.3,0.5,0.1,0
Adam Lallana,211,Brighton,36, M(CLR)  ,13(12),854,1,0.6,20,90,0.1,0.1,0.1,6.17,0,2,0,0.4,0.1,0,0.1,0.4,0.1,0.7,0.6,0.3,0.1,0.3,0,0,0.2,0,0
Ben Osborn,163,Sheff Utd,30," D(L),M(CLR)  ",14(10),1363,2,0.5,21.1,77.7,0.4,1,0,6.17,0,3,0,0.2,0.3,0,0.3,0.4,0,0.4,0.6,0.9,0.3,0.3,0.1,1.1,0.4,0.1,1
Naouirou Ahamada,162,Crystal Palace,23, M(C)  ,0(20),334,0,0.1,9,82.7,0,0.4,0,6.08,0,2,1,0.5,0.2,0,0.4,0.3,0.1,0.6,0.4,0.7,0.1,0.5,0,0.2,0.5,0,0
Pelly Ruddock Mpanzu,95,Luton,31, M(C)  ,11(16),1094,0,0.2,12.7,74.9,0.1,0.6,0,6.08,0,1,0,0.4,0.4,0,0.3,0.5,0,0.6,0.4,0.5,0.3,0.3,0,0.6,0.1,0.3,0
William Osula,163,Sheff Utd,21, FW  ,9(12),785,0,0,4.3,53.3,0,0,0,6.00,0,4,0,1,1.1,0,0.1,0.6,0.3,0.7,1.5,0.1,0.1,0.7,0,0.4,0,0,0
